Note;Commentaire
5;dima nekhouh wou naawd
5;j\â€™adore
4;mche maya
5;Je recommande
5;Le prix est trÃ¨s raisonnable
4;j aime ce produit et surtout ce grand format câ€™est assez suffisant pour un usage familiale quotidien
5;Good quality.
5;Good quality.
5;Good quality.
5;Mon produit
5;good quality
5;le meilleur des gels lavants
5;excellent produit
4;je recommande vivement
4;Doux
5;Je recommande
5;top
4;Toooop
4;un produit top
3;bon produit
5;je recommande vivement
4;good
5;Topp
4;bien
5;â¤ï¸
5;Top
5;tooooop
5;Rapport qualitÃ© prix excellent ğŸ‘Œ
3;jâ€™adore
5;Jâ€™adooore
5;jaime
4;super
4;â¤ï¸
4;bon produit
5;tooop
4;quantitÃ© trÃ¨s gÃ©nÃ©reuse par rapport au prix
4;superrr
5;top
5;top
5;coup de coeur
5;top du top
5;top
3;to
5;top
5;meilleur tarif
5;toppp
5;top top
5;top
5;La meilleure
4;je lâ€™utilise pour ma fille de 6 ans elle a la peau sÃ¨che il est trÃ¨s bien ğŸ‘
5;mon coup de coeur!
5;nice
5;yhabel
4;topp
5;Top
5;waw
5;Toppp
5;good product
4;je le recommande ğŸ‘Œ
5;brsmi mahleh w me ychayehch l peau w douce je recommande
4;<3
5;bon produit
4;format tkafi w twaffi
2;bien pr tt la famille
5;je valide
4;parfait pour usage familiale
5;top
5;in love
3;ğŸ˜
5;top
5;very good
5;the best
5;toooop
5;good
4;super
5;je recommande vivement
5;tayara !
4;Good quality.
5;rapport qualitÃ© prix excellent
4;Hayel
5;Tres bien pour peau grasse
5;trÃ¨s bien
5;top
4;bon produit
3;Top
4;Excellent
5;tayaraâ¤ï¸
5;Tayaraaa
5;Il est top
5;Excellent
5;excellent !!!!
4;top
3;tayara
5;trÃ¨s efficace
5;bon produit
4;je recommande
5;Super
4;extraordinaire sensation de frais
5;Top
5;Votre peau grasse needs it !
4;Raw3aaaaaaaa ğŸ˜»
5;Toppppp
5;Mon gel prÃ©fÃ©rÃ© !
5;trÃ¨s bon
5;jâ€™ai utilisÃ© svr sebiacleau ma peau est grasse a imperfections et je lâ€™utilise depuis t 2 ans
2;over qualified
4;parfait
5;Love it
3;trÃ¨s bien !
5;top
5;mon coup de coeur â¤ï¸
5;mon prÃ©fÃ©rÃ©
3;tooop
4;top
5;Top!
3;top
5;Good Quality
5;good
5;Jâ€™adore
4;Si tâ€™as des boutons câ€™est la solution ğŸ˜
4;â¤ï¸â¤ï¸â¤ï¸
4;The best ğŸ˜
4;Sooo good
4;Every girls best friend
4;â¤ï¸â¤ï¸â¤ï¸â¤ï¸
4;ğŸ˜ğŸ˜ğŸ˜
4;Jâ€™adore â¤ï¸â¤ï¸
4;Theee best â¤ï¸â¤ï¸â¤ï¸
4;Top
4;je recommande le produit
4;good
3;oui
5;Un bon gel netteoyant rapport qualitÃ© prix est au top
1;oui
5;ğŸ‘ğŸ‘ğŸ‘ğŸ‘ğŸ‘
5;Tayaraaaa
5;ğŸ˜ğŸ˜
4;LITERALLY AHSEN MAFAMA
5;top
2;oui
1;non pour moi
3;BECH NJARBO
1;câ€™est pas trÃ©s efficace pour moi tala3li 7ab
4;good
5;parfait
3;ca passe
5;top
3;un peu assÃ©chant
5;Jâ€™adoreâ¤ï¸
5;jâ€™adore
5;excellent
5;trÃ¨s efficace je recommande vivement
5;TrÃ¨s efficace
1;nest3mlou w n3tykm elfeedback
3;ğŸ˜
4;efficace..
4;magnifique
4;efficace
4;excellent
5;top
5;le produit est top
5;Bon produit
5;tayaraaa alekherrr
5;Excellent !!!
5;Bon produit
5;top
5;Good quality.
5;Good quality.  supeeer
5;Top
4;efficace
5;Good
5;Produit top
4;je recommande â¤ï¸
3;good
4;pas mal
4;top
4;je recommande
4;efficace
5;Bon produit
4;Good quality.
4;tayaraaa alekherrr
4;behiya
2;amour
5;Amour
4;efficacitÃ© top
2;top
5;le produit est dÃ©couvert  top
5;top
3;Bon produit pour peau sÃ¨che
4;tpo
5;super
2;U
2;â¤ï¸
5;Top
5;top
4;Bon produit.
4;top
5;Ø¥ÙƒØªØ´Ø§Ù
5;Ta7foun 3alle5er
5;Toppp
5;top
4;excellent remplacement pour CeraVe car ce nâ€™est pas pour boycotter
5;Produit efficace
5;top
4;excellent
5;wow
5;jâ€™adore
5;TrÃ¨s efficace pour peau grassse a tendance acnÃ©ique !
3;good
4;Nice
5;Ce gel est juste magnifique
4;amour
4;ğŸ¥°
4;nice
4;For oily acne prone skin ğŸ‘Œ
3;Nice
5;trÃ¨s bon produit
5;â¤ï¸
5;Top
5;Super top
3;ğŸ‘â€‹ğŸ‘â€‹
5;efficace pour peau grasse
4;ğŸ‘â€‹ğŸ‘â€‹
3;bon x pas un excellent produit mais il fait lâ€™affaire
5;top
4;je valide
4;â¤ï¸â¤ï¸
5;toopppp
5;je recommande
5;super
4;Je recommande vivement , Top
5;tarif intÃ©ressant
3;super
4;tres efficase
5;nice
4;Bon produit
5;trÃ¨s bon produit
5;good
5;effective and lightens dark spots
5;TrÃ¨s trÃ¨s bon
5;trop cher malheureusement
4;Raw3a malgrÃ©s cher mais efficace pour les taches brunes
5;super
4;cher mais efficase
5;top
4;trÃ¨s efficace pour les tÃ¢ches brunes
5;Good quality
5;Jâ€™adore je recommande
5;Excellent
5;top
5;super
5;excellent
5;Tres efficace
5;Top
5;top
5;top
4;super
5;ÙŠØ¹Ø·ÙŠ Ù†ØªÙŠØ¬Ø© Ù…Ù† Ø£ÙˆÙ„ Ø¥Ø³ØªØ¹Ù…Ø§Ù„
5;trÃ¨s bon produit et efficace
5;top
1;trÃ¨s cher pour son efficacitÃ© Ã§a ne marche pas aussi simple que Ã§a
5;top
5;trÃ©s efficace
5;toop
5;efficace contre les tavhes sans irritation
5;Toop
5;jâ€™adore
3;topp
5;tres efficace
5;miraculeux
5;tayara
5;Jâ€˜adore
5;jâ€™adore
5;jâ€™ai trouvÃ© de bons rÃ©sultats avec ce produit qui mâ€™a enlevÃ© les taches brunes
3;le rapport qualitÃ© prix est non Ã©quilibrÃ©
2;ghali
3;"il est bon en combiant avec une creme hydratante
mais il est un peu chere"
5;Top
5;top
5;TrÃ¨s Bon Produit
5;Produit parfait pour rÃ©duire les taches
5;Top
5;top
5;good
5;good
5;top
4;top
5;Bien
3;top
4;super
5;Topp
5;Top
5;TrÃ¨s bon produit
5;vraiment top avec continuation
5;je recommande top du top
5;excellent le meilleur
5;Ce soin est trÃ¨s efficace
5;Rop
5;incroyable
5;Top du top
4;moins efficace que le serum
5;top
4;TOP
5;Top je recommande fortement
5;Nice product
5;mche maya
5;franchement toppp
5;ejebni bech nawed menou
5;encore dispo??
5;behi barcha
5;Good
5;Good quality.
5;Coup de cÅ“ur â™¥ï¸
4;Good quality.
5;Good quality.
5;Good quality.
5;Good quality.
5;Good quality.
5;Good quality.
5;good
5;Bon site
5;top
5;top de top
5;topâ¤ï¸â¤ï¸
4;Top
4;bon nettoyant
5;excellent produit
5;Coup de cÅ“ur â™¥ï¸ toooooppp
5;The best
5;top
5;topp
5;el gamme el cool mta3 la roche posay tayyaraa
5;top
5;le meilleur
5;top
5;tahfoun
4;top top
1;nul dÃ©conseillÃ© pour la peau sÃ¨che.
5;Top ğŸ’¯
5;le meilleur
5;behi lil wjeh li yztet
5;Parfait pour une peau mixte Ã  grasse
5;tayara mchee m3aya ena peau grasses
4;Adorable
5;Top one
4;Top
5;just waaaaaw â¤â¤
5;top
5;top
1;ye
5;top
5;mcha m3aya
5;mon prÃ©fÃ©rÃ©
5;Il a une texture trÃ¨s visqueuse
5;LE MEILLEURE
5;tayaraaa
5;i love it
4;tooop
5;tooooop
4;Top
5;super
3;oui
5;mezel andkom menou?
5;soum behii
5;nheb wehed ekher
5;Good quality.
5;tayara
5;Good quality.
5;TrÃ©s efficace pour peaux grasses
5;good
5;Top
5;je recommande
5;le meilleur gel nettoyent pour le peaux grasse
5;top
5;Top de top
4;top produit
5;top
5;ynadhefğŸ¥°
5;tooop
5;toooop
5;top
5;Top
3;behy ama sa3at n7essou yshaya7 barsha lezmou m3ah crÃ¨me hydratante adÃ©quate
4;Parfait pour peau grasse
2;ychaya7 barcha
2;ğŸ‘
5;excellent produit
5;top
5;Top
4;jâ€™aime
5;bien
5;GOOD QUALITY
5;Meilleure gamme
3;ynadhef l peau bl behi
4;Ynadhef mli7 w ychaya7 el wejh
4;top yoktel
4;Top
5;Good
3;jâ€™aime
2;convient mieux aux peaux grasses pas sensibles.gamma trop parfumÃ©e et irritante. pas catastrophique
4;Top
4;je recommande
5;je recommande
5;top
5;top top ğŸ‘Œ
5;excellent produit
5;top
2;top
4;toop â¤ï¸
4;ğŸ¤
4;jâ€™aime
5;excellent pour les peaux mixtes
3;ğŸ‘â€‹ğŸ‘â€‹
4;nice product
5;je valide
5;svr toujours au top
5;trÃ¨s bon produit
1;Just for oily skin
4;il est top
5;jâ€™adore
4;jâ€™addoooreee
3;mche m3aya
3;Ok
5;le meilleur
4;je recommande
4;bien
1;CV
5;Tooop
5;â™¥ï¸â™¥ï¸â™¥ï¸
4;seulement pour peaux grasses! Ã  Ã©viter pour les peux normales Ã  sÃ¨ches
4;top du top ,,
5;Depuis 15 ans
5;Good quality.
5;Good quality.
5;Top
4;Il est top
5;Produit top de top
5;Good quality
5;The best ğŸ¤©
5;Top
5;wow
5;â¤ï¸â¤ï¸â¤ï¸
4;a recommander
3;efficace
4;good
4;â€¦..f
4;bon qualitÃ©-prix
5;top
5;Jâ€™adore
5;Top
4;ğŸ‘ğŸ»
5;Câ€™est magnifique pour la peau grasse
5;ğŸ¤
5;top
5;Top
5;Mchee maaya
5;yaser ta7foun peau mixte
5;parfait pour peaux grasses
5;perfect for oily skin
3;top
4;9alou behy ğŸ˜‚
4;TOP
4;bon rapport qualitÃ© prix
2;pas trop
5;dispo?
4;Bon produit
5;topppp
5;Good quality.
4;top
4;super ğŸ˜„ğŸ‘ğŸ»
5;tooop
4;excellent gel nettoyant
4;TrÃ¨s bn produit
4;Nice
4;il est trop bien pour une peau mixte Ã  grasse
5;super
4;top
5;Super
1;ychaya7 peau barcha
5;le meilleur
5;top
5;excellent
4;bien
3;top
5;parfait
4;behii lil peau grasse ama yeser ychaya7 wejh lil peau normale
4;Bon produit
5;â¤ï¸
4;top
5;Loove â¤ï¸â¤ï¸
5;toop
3;il y a beaucoup mieux pour le prix
4;ken peau sÃ¨che ychaya7ha ale5r
5;les dermatologues lâ€™aiment. un bon produit, nâ€™enlÃ¨ve pas le maquillage super bien. mais câ€™est parce quâ€™il est trÃ¨s doux. accompagner par une eau micellaire avant.
5;gooooldd
5;super
5;top top top
5;good
4;Rapport qualitÃ© prix acceptable. Je conseille la grande taille.
4;QualitÃ© incroyable je recommande
3;i like it
4;love it
5;excellent
5;excellent
3;<3
5;toop
5;parfait pour Une peau mixte
4;surprisiingly gentle
5;perfect
5;good
3;efficace pour peaux acnÃ©ique
5;efficace
5;excellent
5;tahfoun wmche maya
4;yecer tayara franchement
5;Ã€ utiliser sans hÃ©sitation
5;le produit est top
5;toujours disponible?
5;le produit est top
5;vraiment top !
5;toujours disponible?
5;je recommande !
5;mche maya alekher
5;toujours disponible?
5;Good quality.
5;Bonne qualitÃ©
5;Top
4;il est bien mais je prÃ©fÃ¨re lâ€™huile lavante pour peau sÃ¨che
5;top
5;je recommande pour toute la famille
5;Je recommande
4;super
5;vraiment Top
5;good quality
5;top
4;"smells so good
refreshing"
5;Top
5;Top
5;top sur tout pour les peaux sensibles
5;Je le recommande
5;tooooop
5;TOP TOP
5;Jâ€™ai Ã©tÃ© surprise par la quantitÃ© gÃ©nÃ©reuse du produit et surtout la bonne odeur du gel
5;Top pour le peau sÃ¨che
5;wow
5;Tooop
4;pour le corps, pour le visage non
5;mezel andkom menou?
5;top
5;meilleur produit
5;super
5;top
5;good
5;top
1;"moch tayara lha9 mamchach m3aya
tala3li hbob Fi wejhi"
5;the best hydration cream excellent result excellent excellent in everything
5;the best
5;Hydratant et elle a un effet matifiant Ã  la fois jâ€™adore
4;bien pour peau grasse
4;apaisante et anti marques comme promis. idÃ©ale pour accompagner un traitement curacnÃ©. peut Ãªtre trop lourde peut Ãªtre Ã  cause du beurre de shea. lâ€™une des rares crÃ¨mes contenant niacinamide + cÃ©ramides en tunisie.
5;goood meilleur hydratation
3;good
5;Produit de haute hydratation
4;top
5;top!
4;il est bien pour la peau grasse
3;mieux que les autres
4;CrÃ¨me hydratante excellente pour peux grasse
4;bon produit
5;RÃ©pare et apaise la peau, aide Ã  rÃ©duire les marques.
5;trop bon
4;top
4;top
4;good composition
4;bien
5;jâ€™adore le produit, il est tres hydratant et donne un effet matifiant Ã  la fois.
3;â™¥ï¸â™¥ï¸â™¥ï¸ğŸ˜˜
5;good
5;le produit est top
5;franchement toppp
5;Wakteh toufa la promo?
5;toujours disponible?
5;super
5;my favourite
4;Good quality.
5;Good
5;good product
5;franchement produit tayara
5;TrÃ¨s bon produit
5;ğŸ¤ğŸ¤ğŸ¤ğŸ¤ğŸ¤
5;top du top
5;trÃ¨s efficace!
4;aaa
5;produit top
5;efficace
5;RÃ©sultat efficace !
4;good
4;super
5;Top
5;topp
4;juste wawww
5;le meilleur
4;tres efficace
5;TrÃ¨s efficace
5;top
5;good
5;top
5;wow
5;ğŸ‘
4;good
5;ApprouvÃ©
5;TestÃ© et approuvÃ©
3;behyy aalkhr
5;ğŸ©
5;bien
5;top
5;le meilleur
3;tres bien
5;trÃ¨s bien
4;good
5;Je le recommande vivement
5;Good quality.
5;Jâ€™aime trop il hydrate au profond !
5;Good quality.
4;â™¥ï¸
4;Super
3;Super
4;jâ€™aime
4;top
3;bien
5;Top
4;Magnifique produit ğŸ¥°
5;bien
5;top
4;topp
3;toop
5;hydratation totale Merci beaucoup
4;top du top
5;perfect
4;top
4;top
5;Il fonctionne comme la magie
5;TOOOP
5;excellent
3;Hydratation moyenne. pas dâ€™effet visible sur la peau.
5;andi barcha nestamel fih
5;tahfoun wmche maya
5;Good quality.
5;Good quality.
5;top
4;Parmis les meilleurs, top malgrÃ© ma peau grasse mche m3aya
5;efficace
5;efficace
5;top
5;top
5;Jâ€™adore mais pour les peaux non sensibles
4;not for everyday, but good
5;top
5;TrÃ¨s Bon Produit
5;trÃ¨s bon produit
5;excellent rÃ©sultat en seulement 15 jour
5;Produit parfait pour rÃ©duire les taches
4;bon produit
4;Bien
5;soin de jour efficace avec son  ecran
4;parfait
4;beau tarif ğŸ‘
5;incroyable
5;the best for me ğŸ’—
4;top du top
5;top
4;Top top
5;top
5;mezel andkom menou?
5;khthitou ejebni !
5;Top la promo !
5;Good quality.
5;Good quality.
5;behi
5;Good quality
4;jâ€™ai aimÃ©
4;parfait lel peaux grasses
3;parfait
5;top
4;Jâ€™aime
4;good for mixed skin
5;â¤ï¸â¤ï¸
5;trÃ¨s efficace
4;Top
4;ğŸ˜
5;ğŸ¤ğŸ¤ğŸ¤
4;top mais il y a mieux
5;mezel en rupture?
5;Wakteh toufa la promo?
5;je l\â€™ai utilisÃ© il est bien
5;Super produit Ã  essayer
5;Super produit Ã  essayer
5;100% je lâ€™utilise toujours
5;Good quality.
5;jarbetou behy LÃ©l peau sÃ¨che
3;ce nâ€™est pas un gel nettoyant quotidien pour peau mixte. Ã  rÃ©server aux peaux plutÃ´t sÃ¨ches intolÃ©rantes atopiques etcâ€¦ ou en gel douche.
4;je recommande
5;Jâ€™aime ce produit
5;parfait pour la peau sÃ©che
3;top
5;â€¦
4;â€¦â€¦â€¦.n..mâ€¦
5;jâ€™adore
5;Je recommande
5;Super produit
5;ğŸ¤
5;My favourite â¤ï¸ğŸ«¶ğŸ»
4;ce que jâ€™aime â™¥
5;vraiment top !
5;behi barcha
5;je recommande le produit
5;Je veux repasser commande
5;my fav !
4;remplace le.fond de teint
5;top
4;Toppppp â¤ï¸ tamchi maae beau bidhaa sinon kn samra chwaya je conseille khoudh medium
4;mech khayeb
4;texture ejbtnich barcha
4;jâ€™adore
5;jâ€™aime
4;Good
5;Jâ€™adore
5;je recommande
5;bien
3;what are these shades SVR ? ğŸ™
5;trÃ¨s bon produit
5;Good quality.
5;Good quality.
5;Good quality
4;tres bien et hydratante
2;moyen
5;top
5;Je recommande
5;top
4;Bonne
5;love it
5;excellent produit
4;top
3;parfum suffocant
4;idÃ©al pour une peau normale!
1;pas pour les peaux grasses
5;mezel en rupture?
5;Ã€ utiliser sans hÃ©sitation
5;khthitou ejebni !
5;Efficace je recommande vivement
5;Top
5;Bon produit
4;efficace
4;Il amÃ©liore nettement la qualitÃ© de la peau
4;yekhou wa9t bch tla7edh rÃ©sultat
4;efficase
5;je recommande !!!waw
4;efficace â™¥ï¸
5;trÃ¨s efficace
4;Bon produit
5;Efficace je recommande !
5;Yna9es l boutons N7otou f lil f nhar nal9aha tfet
5;Top
5;je recommande vivement
4;efficace !
4;Bon produit
5;Excellent produit!!
5;efficase
5;good
5;Efficace
5;top
5;perfect
4;efficace pour les traces
5;tres bien
5;efficace
5;produit magique je le recommande vivement
5;ğŸ‘
4;ğŸ˜€
5;on l a utilisÃ© pour une teratospermie severe 2% on apres 4 mois ca passe a 5% . je recommande
5;"Bons produits conformes Ã  mes attentes et livraison au top ; Je recommande vivement"
5;Topp
5;produit excellent
5;Ø§Ù„Ø§ÙØ¶Ù„ ØªØ§Ø«ÙŠØ±Ø§ Ù„Ø¬ÙˆØ¯Ø© Ø§Ù„Ø­ÙŠÙˆØ§Ù†Ø§Øª Ø§Ù„Ù…Ù†ÙˆÙŠØ© Ù…Ø¹ Ø§Ù„Ø§Ù†ØªØ¸Ø§Ù… ÙÙŠ ØªÙ†Ø§ÙˆÙ„Ù‡ Ù„Ù…Ø¯Ø© Ù„Ø§ ØªØªØ¬Ø§ÙˆØ² 3 Ø§Ø´Ù‡Ø± ÙŠÙ‚Ø¹ Ø®Ù„Ø§Ù„Ù‡Ø§ Ø§Ù„Ø­Ù…Ù„ Ø¨Ø§Ø°Ù† Ø§Ù„Ù„Ù‡
4;trÃ¨s bien
5;Ø§Ù„Ù…Ø´ÙƒÙ„ Ø§Ù„ÙˆØ­ÙŠØ¯ Ù‡Ùˆ Ø§Ù„Ø«Ù…Ù† Ù…Ø±ØªÙØ¹ Ø¬Ø¯Ø§
4;good je recommande
5;efficace
5;Ù…Ù†ØªØ¬ Ø±Ø§Ø¦Ø¹ Ø¬Ø¯Ø§ Ùˆ Ù…ÙÙŠØ¯
5;ejebni bech nawed menou
5;ejbetni el texture mteou
5;tayaraa alekher
5;top
5;ce que jâ€™aime le plus c est que ce produit apporte un toucher sec a la peau et câ€™est genial car on aime pas que la texture sois grasse sur le visage
4;Texture behya barcha
4;bonne texture
5;mayzarra9ch
5;un coup de coeur
4;best one ever
5;Top
5;meilleur texture
4;Top
5;aspect tahfoun
5;top
5;top
5;heyla
5;jâ€™aime
4;bon
5;excellent
4;texture agrÃ©able
4;excellent produit
4;Bonne texture
5;mon indispensable
5;â¤ï¸â¤ï¸â¤ï¸
5;texture â¤ï¸â¤ï¸
4;tres bon
5;ğŸ¤ğŸ¤ğŸ¤ğŸ¤ğŸ¤ğŸ¤
4;texture top
4;top
5;â¤ï¸
5;â¤ï¸â¤ï¸
5;â¤ï¸
3;Son effet est bien mais pas pour les peaux hyper grasses
5;Best one so far âœ…
4;yhaball ama fih effet orange
5;top
5;efficace
5;Le meilleur
5;Top
4;texture ejbetni mais ma ysee3dch barcha  les peaux grasses
4;super pour les peaux grasses
4;â¤ï¸
5;â¤ï¸
5;Top du top
5;texture tayara
4;top
5;top
5;Top
5;couvrante excellente
5;magic sun secure
5;Topp
5;top
5;excellent choix pour protÃ©ger ma peau
5;Bonne texture
5;excellent
4;je recommande le produit
5;Jâ€™aime la texture. Bon rapport qualitÃ© prix.
5;top
5;Lâ€™excellence du produit iconique SVR Sun Secure Blur avec une teinte matifiante exceptionnelle
5;bonne mine
5;mahleh
5;trÃ¨s bon produit
4;thÃ© best
5;LA TEXTURE TOOP
4;top
5;yhabal aman
5;je recommande cet article vivement
5;the best
5;bien ğŸ‘
5;top ! leger, invisible et toucher sec
5;Le meilleur Ã©cran â¤ï¸ mais le seul problÃ¨me câ€™est le parfum qui me pique les yeux !
5;the best
5;bien
5;the best
4;all around good product
5;texture fine w ta3ty effet naturel
5;topp
5;Excellente
5;encore dispo??
5;nekmandi dima menou behi
5;Je recommande bientÃ´t
5;je recommande vivement !!
5;exellente pour les peaux sensible
5;Good quality.
5;Good quality.
5;dispo !!
5;super
5;jâ€™adore ce produit
5;meilleurs Ã©cran pour peaux mixte je l utilisÃ© depuis deux ans  toucher veloutÃ© et au niveau protection elle est parfaite j adore â¤ï¸
5;excellent pour les peaux sensibles et grasses
5;Ahssen Ã©cran lel peau mixte Ã  grasse
4;top
5;magnifique
5;top top
4;Top
5;Excellente protection
5;top je recommande
5;la Meilleur
5;jâ€™adore la protection
4;tayara
5;â¤ï¸â¤ï¸â¤ï¸
3;â¤ï¸â¤ï¸
5;câ€™est le meilleur
5;efficace
5;top
5;mon prÃ©fÃ©rÃ©
3;super
5;parfait
5;Des  prix raisonnables
5;Les prix sont intÃ©ressants
5;Ø£Ø³ÙˆØ§Ù† Ø±Ø§Ø¡Ø¹Ø©
5;Jâ€™aime
5;top
5;good
4;Bien
4;behya lil peau grÃ¢ce
5;Parfaite pour une mixte Ã  grasse
5;Excellent pour les peaux grasses !
5;tayara llpeau grasses
5;Topp
5;top
5;Tooop
4;Top
5;good
4;top
5;Top top a9wa Ã©cran sta3mltha
5;ğŸ˜ğŸ˜ğŸ˜ğŸ˜
5;Ø³Ø§Ø¹Ø¯Ù†ÙŠ Ø¨Ø§Ø´ Ù†Ø­Ù…ÙŠ Ø±ÙˆØ­ÙŠ Ù…Ù† Ø§Ù„Ø´Ù…Ø³
5;produit tooop
4;bien
5;efficace
5;Super produit
4;top par experience
5;je recommande vivement top du top
4;je recommande vivement !!
5;toop
4;top
5;je recommande
5;jâ€™aime bien
5;TOP
5;super
5;excellent pour peau grasse ğŸ‘Œ
5;Top
5;texture mahleha â¤ï¸
4;â¤â¤â¤â¤
5;super
5;toop
5;good product
4;Good
5;good product
5;top
5;toppp
5;the best
5;tpp
5;top
4;â­ï¸â­ï¸â­ï¸â­ï¸
5;excellent
5;â¤ï¸
5;super produit merci!!
5;the best everr ğŸ¥°ğŸ¥°
4;RAW3A
5;Good quality.
5;top
5;trÃ¨s bien
5;bien
5;top merci
5;â™¥ï¸â™¥ï¸
4;excellent
5;super
4;the best
5;good
5;top
5;top
5;good
5;TrÃ¨s bon produit
5;je bien recommande
5;Good quality.
4;Il aide Ã  fortifier les ongles et le cheveux
5;Il mâ€™aide Ã  fortifier les ongles et le cheveux
5;top
5;qualitÃ© topâ¤ï¸â¤ï¸â¤ï¸â¤ï¸
5;Gooddd
5;top
5;Efficace
4;dÃ©munie les boutons
3;top
3;qualitÃ© fort doppelherz
5;Top
5;top
4;Normal
4;normal
4;top
5;trÃ¨s efficace
4;toop
2;top
5;toppp
3;bien
5;GOOD
5;good
4;good
5;RecommandÃ© par un gynÃ©cologue
5;TrÃ¨s bonne qualitÃ©
5;behi barcha
5;Produit de haute qualite
5;un bon produit pour la fertilitÃ©
4;ke recommande pour les diabete
5;topâ¤ï¸
5;â¤ï¸â¤ï¸
5;Le meilleur produit de sa catÃ©gorie
5;Efficace
5;efficace
5;Le prix est trÃ¨s raisonnable
5;comment l\â€™utiliser?
5;Je continue Ã  acheter ce produit
5;dispo?
5;je recommande !
5;Top la promo !
5;Good quality.
5;top du top
5;prix trÃ¨s raisonnable
5;the perfect one  for oily skin
5;je le recommande vivement
5;top
5;top top
5;top
5;Lâ€™indispensable de lâ€™Ã©tÃ© trÃ¨s bonne protection
4;Prix raisonnable pour un excellent produit
4;trÃ©s efficace
4;magnifique!
5;efficace
5;top
5;top top
5;Ø¬ÙŠØ¯
5;Ø¬ÙŠØ¯ Ø¬Ø¯Ø§
5;Incr !
5;produit tooop
5;my favorite
5;je le recommande
4;toopp
4;toop
4;Top
5;good
4;je recommande le produit
5;excellent
5;top de top
5;Top
5;â¤ï¸â¤ï¸
5;Good quality.
5;top
5;top du top celui ci
5;Top
5;top
5;b1
3;wow
4;bn prd
4;Good quality.
5;rafraÃ®chissant ğŸ‘Œ
5;jâ€™adore cette eau thermes de la marque AvÃ¨ne pour la sensation de fraicheur quâ€™elle me donne
5;le meilleur
5;Cette eau thermale est indispensable pendant lâ€™Ã©tÃ© ! A la plage, aprÃ¨s avoir conduit sous le soleil, Ã  la sortie dâ€™un Hammam, je lâ€™utilise pour moi et pour mes enfants, et elle est top !
5;Je le confirme, elle mâ€™est indispensable en Ã©tÃ©, jâ€™ai essayÃ© une autre eau thermale, mais elle nâ€™est pas comme lâ€™avene, je le recommande vivement
5;Hydratation ğŸ«¶
5;trs efficase
1;good
5;super
5;Avene top
4;frais et bon
5;good
5;elle rafraÃ®chit comme pas possible
5;THE BEST
5;excellent ğŸ‘Œ
5;apres un coup de soleil, tres efficace, apaisant et rafraichissant
4;â™¥ï¸ tooopâ™¥ï¸
3;just water but good
5;super
5;â™¥â™¥impeccable Produit â™¥ Benifits sur le peau Je recommande
5;Good quality. Tayara
5;top
5;Bon produit
5;top top top
5;mche maaya, ychaya7 l 7ab w ma ychay7ch l wejh
5;ğŸ”¥
5;a9wa gel nettoyant <3 <3
5;merci beaucoup
5;top
5;je recommande
3;parfait pour les peaux mixtes sauf que câ€™est une marque Ã  boycotter dorÃ©navant
5;Top de top ğŸ¥°
5;Tooop
5;je recommande
4;magnifique âœ¨
1;no
3;Its great
5;perfect
5;top ğŸ’¯
5;Nettoie et hydrate bien la peau.
5;Parfait
5;good
5;je recommande
2;tal3li 7boub ta7t l jelda
3;tooop
5;good
4;tahfoun
5;Je continue Ã  acheter ce produit
5;Je continue Ã  acheter ce produit
5;behi barcha
5;Bon produit
4;Bonne qualitÃ©.
5;tres efficace je l achete tjr
5;ahssen produit jarabet des marques okhrin houa haja okhra dâ€™ailleurs dermatologue hiya eli katli 3lih we jarabtou we mandemtech
5;topp du top
4;Good
5;produit tayara
5;top du top
5;top
4;top ğŸ‘
3;Top
3;top
5;bien eficace
4;excellent
5;Tres efficace
4;trÃ¨s bien
5;Top
5;top par expÃ©rience
5;Topp du toop
5;Excellent produit
5;wow
5;mon produit  prÃ©fÃ©rÃ©
5;perfect
2;simple hydratation
5;Hydratant ğŸ˜
5;Hydrate bien sans laisser des traces sur le visage.
4;jâ€™ai trop aimÃ©
5;"ahsen creme hydratante 619
non sticky
mafihech rihet parfum kweya"
5;Top
4;top
5;ğŸ‘ğŸ¤ğŸ¤
2;ma ejbetnich barcha simple
5;mchet m3aya bel behiii
5;hydrate  bien
5;Hylaaa â¤ï¸
5;100% ğŸ«¶ğŸ»ğŸ«¶ğŸ»ğŸ«¶ğŸ»
4;nheb nzid nechri menou
5;Bon produit
5;Jâ€™ADORE
5;trÃ¨s efficace
5;top
5;jadoree
5;trÃ¨s efficace
5;good quality â¤ï¸
5;Je lâ€™utilise depuis plusieurs annÃ©es.TrÃ¨s efficace pour Ã©clairer les taches brunes et non piquante aux yeux
5;efficace
5;jadoreee
5;top
5;top
5;efficace
5;bon produit
5;top
5;Ã©clat magnifique
5;mahlehh
5;top
5;Perfect
4;top
5;khfif aal wejh alekher et nettoie bien w 3aweni bch nfateh wjhi w hatta les trace dâ€™acnÃ© f modda 9sira brsmi toooooopp blch moubel8a
5;Top
5;good
5;Baume cerave hydratante, je lâ€™utilise pour mon visage, jâ€™ai la peau trÃ¨s sensible Ã  sÃ¨che, elle est juste parfaite â¤ï¸
5;meilleur BAUME HYDRATANT Que je utiliser â™¥
5;Magnifique ğŸ˜ğŸ˜ğŸ˜
5;Tayaraaaa
5;parfaite â¤ï¸
5;excellent produit
5;yrateb l bdan wl wejh bl behi
5;magnifique ğŸ¤©ğŸ¤©â¤ï¸â¤ï¸â¤ï¸â¤ï¸
5;impeccable â¤ï¸
5;magnifique je lâ€™utilise depuis des annÃ©es
5;parfait
4;TrÃ¨s efficace pour peau grasse ou normale
5;Magnifique ğŸ˜
4;parfait
5;la meilleure
5;top
5;good product
5;bonne qualitÃ©
5;,â€¦â€¦â€¦â€¦â€¦
4;g gâ€¦.ggâ€¦â€¦.g
5;La meilleure
4;incroyable  â¤ï¸
4;jâ€™aime ce produit
5;top
5;topppo
4;bien
5;Une tuerie
4;toooop
5;validÃ©
4;behy lel peau sÃ¨che et sensible
5;Good
4;TOP
5;LOVE
4;top
4;bien
5;top
4;je recommande le produit
5;encore dispo??
4;bon rapport qualitÃ© prix
5;toop
3;ok
5;top
5;super
5;Je le recommande trÃ¨s fort
5;Top
4;good cleanser
4;top
5;trÃ¨s efficace
4;top
5;top
5;je recommande vivement !!
5;tahfoun wmche maya
5;TrÃ¨s bon
5;mezel andkom menou?
5;ejebni bech nawed menou
5;je recommande surtt pour les boutons et les boules de graisse
5;super
4;Behi barsha
5;Good
4;good one
4;Je recommande !
5;Je recommande!
4;super
4;waww
5;trÃ©s bon produit, difference remarquÃ©e dans les deux premieres semaines dâ€™utilisation
5;je recommande
5;Jâ€™adore ce produit
5;Very good
5;Nettoie en profondeur wow
4;pour les peaux normale Ã  mixtes
5;behi
5;Top
5;mon coup de coeur
4;ğŸ™„
5;bien
4;heyeel
5;Je recommande vivement
4;Top
5;efficace
5;Good quality.
5;Good quality.
4;Good quality.
5;Super
5;super prix trÃ¨s raisonnable
5;Super
4;Top
4;Super
4;Super
2;Good
5;le meilleur
5;love it
5;3jbni brcha
4;behia
4;excellente
5;gÃ©nial comme Ã©cran, la texture est top
3;super
4;texture top
5;excellent produit
4;jâ€™aime
4;top
4;top
5;super
4;good
4;good
3;super
5;goodd
4;Câ€™est superbe
4;Rapport qualitÃ© prix excellent
3;behya
5;qualitÃ© top
5;Tres bonne qualiÃ©e vraiment !!!!
4;ttttop
4;good
4;super
5;bien
5;toujours au top
4;good
5;Top
5;wesletni lcommande ayechkom
5;je recommande !
5;behi barcha
5;tahfoun wmche maya
5;Incr !
4;efficace mais je ne le conseille pas aux peaux sensibles
4;je recommande !
5;waaawh
5;Efficace
5;Le meilleur
4;coup de coeur
4;Effet visible Ã  partir de deux mois dâ€™utilisation
4;aswemkom raisonnable
4;good product
5;se sent hydratant , trÃ¨s eclaircissant et donne des resultats wow
4;Je recommande vivement
3;dÃ©conseillÃ© aux peaux sensibles
5;Le meilleur : visage Ã©clairÃ©
4;ta7foun
4;y3ti Ã©clat lil wejh ama mayn7ch trace dâ€™acnÃ©
1;aucun effet
4;parfait
5;top
5;top, ya3ti Ã©clat fl wejh w yna9es m trace l 7ab w les tÃ¢ches brunes
4;pas mal il donne un Ã©clat au visage il faut Ãªtre assidu pour remarquer un rÃ©sultat
2;Mamchech avec mon type de peau peut Ãªtre, texture un peu lourde sur ma peau jâ€™ai eu des boutons
5;Ã  recommandÃ©
5;big fan
5;Ã©clat magique
5;produit top top
5;je recommande
5;Je recommande
5;Jâ€™adooore
4;parfait
5;â¤ï¸
5;super
5;merci . trÃ¨s efficace
4;tyara
5;top
5;Un produit de grande Ã©clate
5;top
3;aswemkom raisonnable
5;C le meilleur ğŸ˜
4;top
4;bien
5;je recommande
5;"Bon produit ,donne un petit coup d Ã©clat au teint terne
MON CONSEIL Dâ€™UTILISATION :
A appliquer sous la crÃ¨me solaire pour plus dâ€™efficacitÃ©"
4;Il faut persÃ©vÃ©rer  rÃ©sultat garanti mais aprÃ¨s deux mois dâ€™utilisation
5;magique
5;jâ€™adore
3;ğŸ¤
5;Ã‰clat visible et peau plus fraÃ®che aprÃ¨s application.
4;good vitamin c
3;svr top
5;ğŸ¤
5;ce produit est top ğŸ‘Œ
5;wow
5;trÃ¨s bien
3;metwaset
4;top
5;tooo
5;good
5;good
4;coup dâ€™Ã©clat remarquable avec le temps
1;pas pour peau grasse
5;efficace
5;excellent
3;good
5;â¤ï¸â¤ï¸
4;super
3;â™¥ï¸â™¥ï¸
3;toop
5;bien
5;top
4;Top rapport qualitÃ© prix
3;Good one
5;top
4;Gooooood
3;bon
5;the best
5;le meilleur serum vitamine C Ã  partir men troisiÃ¨me jours tchouf changement fel peau ya3yti effet Ã©clat
3;top
4;rÃ©sultat bluffant
5;magnifique
4;tres efficace
4;TOP
5;ğŸ‘Œ
3;super
4;behy brcha ll les boutons
5;Good quality.
4;ğŸ‘ğŸ»
5;itâ€™s sooo good so far jarbto 9bl o twa bch n3awed mno 5tr howa lw7id li 7asito y5dem bl bhi 3la skin mtei
5;Top
5;je lâ€™ai utilisÃ© auparavant et il vas trÃ¨s bien avec ma peau il mâ€™a rÃ©duit les acnÃ©s je le recommande pour les peaux mixtes Ã  grasses Ã  tendance acnÃ©ique
5;Toujours aven
5;tayara youfa nechri wehed e5er il sâ€™accorde parfaitement avec ma peau
4;Bahya ll les points noirs !
5;"efficace to9tel l7boub
 je recommande"
5;super
4;je lâ€™utilise avec lâ€™acide salicylique pour mes boutons et câ€™est trÃ¨s efficace
5;excellent je viens de lâ€™acheter encore une fois tellement il va avec ma peau
5;excellent je vais de lâ€™acheter encore une fois tellement il va parfaitement avec ma peau
3;bon produit
4;ğŸ‘ğŸ»
4;bon produit
5;efficace
5;efficace
2;mamchech barcha mayaa
5;â¤ï¸â¤ï¸
5;j aime bc c un bon produit je l achete tjr
5;super hydratant
5;aussi bonne quantitÃ©
5;trÃ¨s hydratant
5;trÃ©s hydratant
5;odeur agrÃ©able
5;bien
5;top
5;Good for sensitive skin.
5;Good quality
5;good quality
5;parfaite
2;bonne
5;trÃ¨s bonne
4;behya barcha l peau sensible
3;bech njarbha
4;behya
5;topp
4;top
3;Not ideal for sensitive skin. Should only be applied directly on active acne. It draws out the whiteheads, causing the acne to come to a head. It can make the acne pop
5;couvrance behii
5;magnifique
5;EXCELLENT
4;good
1;bad product
3;Bon
5;nheb nzid nekhou
5;andi barcha nestamel fih
5;TrÃ¨s bon
5;bon rapport qualitÃ© prix
5;top top pour peau sÃ¨che
4;Huile lavande qui mousse bien nettoie mais laisse un peu la peau sÃ¨che
4;bon produit pour peau sÃ¨che
5;good quality
5;ğŸ¥°
5;super
5;Good
5;Good
4;pas mal
5;top
5;tres efficace pour les peaux seches
5;il hydrate bien la peau sÃ¨che
4;bien
5;love it
5;good
5;La meilleure
1;voila
4;ğŸ¤
5;La peau demeure bien hydratÃ©e grÃ¢ce Ã  cette huile qui la nettoie parfaitement ! ğŸ˜
4;!
5;the best
4;Je lâ€™utilise pour ma fille atteinte dâ€™eczema afin de lâ€™hydrater et pas avoir la peau sÃ¨che
5;â™¥ï¸â™¥ï¸â™¥ï¸â™¥ï¸
5;top
5;excellent produit, je lâ€™ai achetÃ© plusieurs fois pendant des annÃ©es, je lâ€™ai changÃ© une fois mais je suis revenue vers lui , et je ne le changerai pas!
4;le meilleur
5;meilleur baume Ã  lÃ©vres du monde!
4;tayara
4;b1
5;mezel andkom menou?
5;encore dispo??
5;mezel andkom menou?
5;mche maya alekher
5;dispo?
5;Je recommande bientÃ´t
5;top
4;good
5;super
5;Jâ€™utilise la gamme cerave depuis 3 annÃ©es, jâ€™ai la peau sÃ¨che Ã  sensible, cette crÃ¨me moussante est juste parfaite, elle netoie la peau en profondeur et laisse la peau bien hydrater et lisse
5;The perfect cleanser ever
5;Good quality.
4;Excellent
4;Wow
5;aprÃ¨s une semaine dâ€™utilisation matin et soir, je constate une amÃ©lioration de mes cernes bleues, avec une bonne hydratation
4;super
2;les crÃ¨mes yeux sont une arnaque
4;Top
3;SUPER
5;ejebni bech nawed menou
5;bonne marque
5;super bien
5;â¤ï¸â¤ï¸â¤ï¸â¤ï¸â¤ï¸
3;Ã  essayer
3;mon mÃ©decin mâ€™a recommandÃ© ce produit pour Ã©viter la formation des tÃ¢ches puisque mâ€™a peau a tendance Ã  produire des tÃ¢ches
4;Excellente, je lâ€™ai utilisÃ© en traitement pour mon visage, cette crÃ¨me mâ€™a Ã©tÃ© recommandÃ© par le dermato, et elle Ã©tait excellente
5;Top quality , aawnetni barcha maa mon peau sÃ¨che
5;meilleur crÃ¨me hydratante
5;top
5;top
5;Good quality
5;creme hydratante legere tres efficae pour une peau sensible
5;Ã‡a donne la meilleure hydratation ğŸ˜
5;efficace
3;le produit hydrate tres bien mais jâ€™ai pas aimÃ© lâ€™odeur du produit.
4;pour une bonne hydratation
5;je recommande
5;good quality
4;jarabtou mahleh
4;coup de coeur
5;machkour
5;C UN BON PRODUIT
5;good
5;excellent pour peaux mixtes Ã  grasses
3;ğŸ‘â€‹ğŸ‘â€‹
5;Une tuerie
5;tayara
5;top du top
5;ğŸ˜€
5;QualitÃ© top !!
4;tahfoun l acnÃ©
5;prÃ©vient les boutons super
5;Le meilleur pour peau sensible
5;je recommande vivement !!
5;le produit est top
5;nekmandi dima menou behi
5;top
4;Le meilleur pour Ã©liminer les boutons
5;Top
4;Bon produit qui attÃ©nue les imperfections, donne une belle mine mais je nâ€™ai pas remarquÃ© un grand changement par rapport aux pores dilatÃ©s
4;haja top
4;skin saver
5;lisse la peau
5;top top top
2;may3mil chay
2;aucun effet
1;Aucun effet pour moi
5;â¤ï¸
5;le meilleur
4;top
5;je lâ€™utilise depuis des annÃ©es , super produit
4;tres bien
4;TopğŸ©·
4;tayara
5;good
3;svr top
2;trÃ¨s moyen
5;the best
4;trÃ¨s efficace
4;Bien
3;â™¥ï¸â™¥ï¸â™¥ï¸
5;Good quality.
5;Good
5;Prix imbattable
4;efficace
5;bien
4;bien
4;Parfait
5;le meilleur des gels nettoyant pour peau mixte
4;il est bien mais trop cher par rapport au format normal
4;Top
4;efficace
4;good
4;good
5;recharge super pratique
4;DEFILITLY GONNA BUY IT AGAIN
5;je vais surement le prendre encore plusieurs fois il est trop pratique
2;Ps mal
5;yes
5;â¤ï¸â¤ï¸
5;â¤ï¸â¤ï¸â¤ï¸
4;topp
4;wawww
5;toppp
5;â¤ï¸â¤ï¸â¤ï¸â¤ï¸
5;convient aux peaux grasse,  nâ€™irrite pas la peau
4;rapport qualitÃ©-prix
4;hakeka w bara
5;top
5;le meilleur
4;top
5;top du top !
5;Bon produit
5;Good quality.
5;câ€™est la meilleure eau micellaire.
5;Mon prÃ©fÃ©rÃ©
5;c mon coup de coeur
5;<3 <3
5;excellent produit et pas cher du tout
5;lâ€™une des meilleur eau micellaire que jâ€™ai essayÃ©
5;perfect
5;top
4;excellent produit et pas cher du tout
5;Efficace, trÃ¨s bon produit
2;top
4;c le meilleure dÃ©maquillant
5;best product ğŸ¥°
5;bon produit
4;douces et rafraichissantes
4;les meilleures
3;bien
3;Ã§a donne un coup dâ€™Ã©clat
4;top
4;super produit!
4;wow
5;perfect
5;tooop
1;Useless
5;Top ce produit
4;top
4;cv
2;donne une fraÃ®cheur
4;il est bien
3;TOP
5;bon produit
5;efficace
5;efficace
5;pas mal
3;il fait lâ€™affaire
5;efficace
5;Top
5;good
4;Good one
5;excellent
3;Bon
4;good
3;c vas
5;Super
4;khthitou ejebni !
5;tahfoun wmche maya
4;bon produit
4;magnifique
5;jâ€™adore ce produit efficace,douc et adorable pour une peau Ã©clatante au quotidien
5;mon gel nettoyant prÃ©fÃ©rÃ©
3;HÃ© recommande
5;Topp
5;super produit
5;top
3;Je recommande
5;top
3;top
5;behi
5;je recommande
5;je recommande
4;mcha m3aya w ma ychai7ch l wejh
5;top je lâ€™utilise toujours
3;Top inadhef bellgdÃ©
5;Je continue Ã  acheter ce produit
5;mezel andkom menou?
5;nheb nzid nekhou
4;nesta3mel fih mche maya
5;le prix tayara
5;jâ€™aime
3;jâ€™ai adorÃ©
5;Incr pour les peaux sensibles !
3;bien
5;ğŸ˜
5;â¤ï¸â¤ï¸â¤ï¸â¤ï¸
4;â¤ï¸
5;<3 <3 <3 <3
4;ğŸ˜ğŸ˜ğŸ˜
3;daloul
2;bien
5;mahleh efficace
4;good
5;top
5;c produit est juste magnifiqueâ€¦ jâ€™ai la peau sensible â¤ï¸â¤ï¸
5;exellent
4;svr is on top
4;jâ€™adore
5;Good
4;Leger. Bien
5;bien
3;lÃ¨gÃ©re sur la peau
5;TrÃ¨s pratique
5;Super
5;super
5;good
5;top
5;ideal pour lâ€™Ã©tÃ©
4;magnifique
5;raw3a
3;magnifique
5;rafraÃ®chissant
5;mahleh
5;The best ğŸ¤©
5;Le meilleur ğŸ¤©
5;best product
5;tayara
4;ğŸ¤©ğŸ¤©ğŸ¤©
5;TOP
5;Good!
5;qualitÃ©
5;un produit parfait et surtout qui nâ€™est pas gras
4;parfait
5;<3
4;<3 j'aimeee
5;Good
3;superr
5;top
5;i like it
4;bech njarbo
4;bien
5;produit est trÃ¨s efficace
5;Je suis trÃ¨s satisfaite de ce produit
5;nheb nzid nechri menou
4;je recommende
5;ğŸ¤ğŸ¤ğŸ¤ğŸ¤ğŸ¤
5;Top du top
5;my fav
5;Il laisse ma peau douce et hydratÃ©e, avec une sensation de fraÃ®cheur durable. Facile Ã  appliquer , il est parfait pour un soin rapide et efficace.
4;Meilleur produit
5;Tahfoun 3alle5er
5;bien
3;le mÃ©decin que jâ€™ai visitÃ© mâ€™a recommandÃ© ce produit . Jâ€™ai une peau mixte
5;good
5;Ã€ utiliser sans hÃ©sitation
5;stamaltou behi
5;mezel andkom menou?
5;soum maakoul
5;toujours disponible?
5;Un des meilleurs pour moi
5;"GOOD QUALITY
âœ¨âœ¨"
5;top
4;efficace
5;Mon coup de cÅ“ur
4;Efficace
4;good
4;efficace
3;super
4;Good
4;Wow
3;Jâ€™adore
5;La qualitÃ© top
2;Pas mal
4;bien
3;excellente
5;la meilleure
4;bien
5;top
4;un produit top
4;top
2;trop pauvre pour acheter de lâ€™eau en cannette
5;apaisante aprÃ¨s les coups de soleil
5;toop
5;rafraichissant
5;Good quality.
5;Incr !
2;Doux sur la peau mais spf chwaya
3;moyen
5;bonne qualitÃ©
4;super
5;Good quality
4;super produit
4;GOOD QUALITY
5;bien
4;trÃ¨s agrÃ©able Ã  utiliser , et non gras
3;excellent
5;efficace
4;toop
5;topppp
5;efficace
4;super
5;Good quality.
5;veryyyyyyy good
5;Top
5;Top
4;good job !
1;durÃ© dâ€™utilisation : 3 mois w mal9iit 7atta rÃ©sultats
3;bonne qualitÃ©
5;efficace contre les imperfections
4;top
2;good ingredient but not for very sensitive skin
4;good
4;Good
3;moyen
5;Jâ€™adore
4;je recommande le produit
4;good
5;good quality
4;toppp
3;iâ€™m gonna try it
4;great
3;moyen
5;en cours dâ€™utilisation
5;very good
5;super
3;bien
5;Magique
5;top
5;qualitÃ© top je recommande
3;la marque est top
5;top
5;Top
5;Je recommande
5;good
5;Topp
5;excellent rapport qualitÃ© prix
4;not bad
3;GOOD
4;efficace surtout aprÃ©s lâ€™Ã©pilation
5;je recommande le produit
5;Je recommande bientÃ´t
5;Good quality.
5;Good
5;This one is the best
5;iâ€™ve been using this for 3 years
5;Good quality
5;je recommande pour peau grasse
5;top
5;the best
5;Top
5;je recommande le produit
4;ğŸ‘â€‹ğŸ‘â€‹
5;Top
5;top trÃ¨s bonne hydratation
5;top,  hydrated very well
5;efficace hydrate bien la peau
5;Efficace
5;parfait ğŸ‘ğŸ»
5;GÃ©nial
5;yecer tayara franchement
5;nesta3mel fih mche maya
5;excellent
4;the smell is so good
3;"ÙŠÙ„Ø²Ù… ØªÙ†Ø²Ù„ Ø¹Ù„ tube
Ø¨Ø§Ù„Ù‚ÙˆÙŠ
Ø®ØªØ§Ø±ØªÙˆ Ø®Ø§ØªØ± ÙÙŠÙ‡ Ø²Ø¨Ø¯Ø© Ø§Ù„Ø´ÙŠØ§"
4;je recommande !
5;soum maakoul
4;bech njarbha
4;Je suis trÃ¨s satisfaite de ce produit
5;nheb nzid nekhou
1;trop cher pour rien
1;je le recommande pas pour peau hyper sensible
5;â¤ï¸
5;<3
4;yess
5;ğŸ¤
5;tooop
4;â¤ï¸â¤ï¸â¤ï¸
4;good product
4;Serum excellent
3;rapport qualitÃ© prix
4;"Les rÃ©sultats sont clairs aprÃ¨s une utilisation continue
un bon rapport qualitÃ© prix"
4;Bnna
3;avis mitigÃ© , texture un peu bizarre
4;Jâ€™aime ce produit
5;andi barcha nestamel fih
5;Je recommande bientÃ´t
5;bon produit
5;Good quality. Tunis mourouj 2
5;top â¤ï¸â¤ï¸â¤ï¸â¤ï¸
5;top
4;top
4;goood
4;Bon produit
5;top
3;"top
 doux sur la peau"
5;top
4;TOP
5;efficace pour la peau sÃ¨che
4;top
5;tooop
5;Un des meilleurs pour moi
5;soum behii
5;Un des meilleurs pour moi
5;top
5;â¤ï¸
5;top
4;Tres bien, Ca marche pour peau grasse
4;top
5;parfait
5;wow jâ€™adore
4;â¤ï¸â¤ï¸â¤ï¸
3;bien
4;<3
1;bad
2;Il nâ€™est pas trÃ¨s efficace
4;parfait
4;tres bon
5;Good quality.
5;Good
5;trÃ©s bon rapport qualitÃ© prix
4;Top
4;super
5;Je recommande
3;top
3;top
2;tzayet wejh barsha
4;pas mal
4;super
5;Good quality.
4;Toaap
5;pas cher et efficace , c top
4;bon produit par rapport qualitÃ© prix
5;bon rapport qualitÃ© prix
4;efficace
5;soum behii
5;ejebni bech nawed menou
5;Good quality.
5;efficace
5;top
5;A really good product
1;ğŸ˜
5;nesta3mel fih mche maya
5;encore dispo??
3;cv ta7foun
5;tp
5;je le recommade
5;raw3a
3;cv
4;Je le recommande,câ€™est mon gel prÃ©fÃ©rÃ©
4;yes
3;Cv
5;Je veux repasser commande
5;jâ€™adore
5;Ce produit est parfait pour les peaux acnÃ©iques je lâ€™ai essayÃ© ma peau est devenue plus saine
5;Excellent produit
5;il est le meilleur
4;IdÃ©al pour les peaux acnÃ©iques
5;top
5;Top
5;top
5;topppp
5;top
5;top
5;Je continue Ã  acheter ce produit
5;je recommande vivement !!
5;stamaltou behi
5;je lâ€™ai utilisÃ© il est bien
5;encore dispo??
5;comment l\â€™utiliser?
5;Ã€ utiliser sans hÃ©sitation
3;Good quality. thanx
5;Good product
5;"good quality
rihtou bniina
ynathf w maychayahch l wejh"
2;Top
5;Good quality
5;â¤ï¸â¤ï¸
5;top
5;wakteh yarjaa en stock?
5;le prix tayara
5;dispo?
5;je le recommande
4;Trop bon
4;Good for double cleansing
3;ğŸ‘
5;Good
5;good
5;ğŸ‘
5;nice
5;je recommande
5;tayara
4;je recommande
5;top
5;trÃ¨s pratique pour lavage quotidien de visage
5;mche maya
4;franchement toppp
4;ğŸ‘ğŸ»ğŸ‘ğŸ»
4;bon produit pas plus
4;Top
5;bon produit
5;top
5;Coup coeur
5;Top
4;Topâ™¥
5;top
5;super
5;Good quality.
4;top
5;tres efficace
4;la qualitÃ© et lâ€™efficacitÃ©  dans un seul produit
4;suuupeeerrğŸ˜
5;efficace
5;super
5;un bon produit pour les acnÃ©s et les inperfections
5;Top
5;topppp
5;impeccable comme base de maquillage
5;Je recommande bientÃ´t
5;Je recommande bientÃ´t
5;ejebni bech nawed menou
5;c efficace
5;câ€™est le meilleur de toute la gamme
5;je recommande bientÃ´t enchalah
5;Top
5;Je recommande vivement
5;Ce top je valide
4;Super
4;superrrrr
5;efficase
5;ğŸ¤ğŸ¤ğŸ¤ğŸ¤ğŸ¤
5;excellent
4;jâ€™aime â¤ï¸
4;top
5;â€¦
5;want to try <3
5;efficacitÃ©
5;jâ€™ai toujours Ã©tÃ© heureux
4;super
4;top
5;top
4;super hydratant
4;Top
5;hydratation intense
5;good
4;Je recommande ğŸ’•
2;Pas mal
5;top top top
4;ğŸ¤
5;je recommande
5;good
5;toop
3;svr top
5;produit top
4;i ll try it soon ğŸ™‚
5;g
5;je recommande
2;ideal pour peau normal
3;++
5;Perfect
5;Gft-bak
5;Good
4;Une excellente marque
4;efficace
4;Excellent produit local
5;jâ€™aime
3;.j.j.j.j.n
5;Parfait
3;Pas mal par rapport Ã  son prix ğŸ¤·ğŸ»â€â™€ï¸
4;parfait
4;excellent pour une marque tunisienne
5;Je recommande
5;The best one for oily skin
5;excellent
5;The best
4;excellent produit
5;In one word, this product lift from Vichy is just a skin champion
5;top
4;Bravoo
3;il ne vaut pas son prix aucun effet sur les ridules
4;effet miracle
4;sÃ©rum tooop
5;â¤ï¸â¤ï¸
5;Jai bcp aimÃ©e
5;stamaltou behi
4;elle es top cette marque
5;great
5;good
4;good
5;"J ai une peau extrÃªmement sÃ¨che et ce produit mâ€™a vraiment trop aidÃ©
a nourrir et hydrater ma peau, il sens bon et apporte un eclat remarquable au visage je le recommande vivement ."
5;"i really like it
might feel oily at first but then dries down and feels hydrating"
5;sits very well under makeup
4;thesou oily melowl ama fisaa yochrbou l wejh
2;toute la gamme est moyenne
3;ta7foun
5;parfaite pour les peaux grasses, ne laisse pas un film gras
5;je recommande vivement !!
5;rapport qualitÃ© prix behi
5;Top
4;bon produit
5;parfait
4;g
4;doux
5;top
5;TrÃ¨s efficace
5;TrÃ¨s bon produit
3;Le produit nâ€™est pas vrt Ã  lâ€™attente de ses promesses. ProtÃ¨ge cobtre le soleil sans attÃ©nuer les tÃ¢ches
5;Good quality.
4;"toujours en repture ?
excellent ğŸ‘ŒğŸ»"
5;excellent
5;Ã€ utiliser sans hÃ©sitation
5;Jai bcp aimÃ©e
4;produit est trÃ¨s efficace
5;Parmi les meilleurs Ã  essayer
5;jâ€™adore
5;je recommande
4;bahi
5;wow mahleh
5;toop
5;fait le job â¤ï¸ğŸ˜Š
3;ğŸ˜
5;Nice
5;Jâ€™adore ğŸ¤©
5;texturÃ© coton top et la matiÃ¨re aussi
5;Ø¨Ø§Ù‡ÙŠ  Ù‡Ø§ÙŠÙ„
2;Dima nichri
3;BIEN
5;Avene top
5;le meilleur gommage pour la peau sensible en tunisie
4;avene top
4;Top ğŸ¤©
5;Incr !
5;Ã  recommandÃ©
5;topp du top
5;rÃ©sultats convaincants
5;pas dâ€™effet encore
2;non bien
2;Top
5;efficace
5;Good quality.
5;super
4;tayara
4;TOP
5;behi barcha
5;Je continue Ã  acheter ce produit
5;trÃ¨s satisfaite
4;I like it
4;merci bien
5;sublime
5;parfait
5;jâ€™adoreeeee
5;ejebni bech nawed menou
5;tahfoun wmche maya
5;jarabtou behi barcha
5;mezel en rupture?
5;mche maya alekher
5;j\â€™adore
5;toujours disponible?
5;je recommande vivement !!
5;Good quality.  super tooop
4;Ya3ti Ã©clat ma7leh
4;top
5;donne un Ã©clat au visage
5;toujours disponible?
5;produit est trÃ¨s efficace
5;Je suis trÃ¨s satisfaite de ce produit
5;efficace
5;very good
4;â™¥ï¸
5;The best
5;bon pour les ceux avec des taches
4;bon produit pour les peaux trÃ©s sÃ©ches
4;GOOD
3;bon produit
5;Top
5;in love
5;â¤ï¸
4;parmi les meilleures crÃ¨me hydratante pour la peau sensible , pas de rougeur ni brulure
3;effet moyen pas dâ€™effet apaisant visible
5;comment l\â€™utiliser?
5;tayara !
5;Good quality.
5;le meilleur pour les peaux sÃ¨ches et sensibles
5;Tayara
4;Le meilleur
5;wow
4;good
4;magnifique
5;ifata9
5;mezel andkom menou?
5;Je recommande
5;le produit est top
5;Super produit Ã  essayer
5;TrÃ¨s bon
5;Hydrate en profondeur magnifique
5;efficace l peau sensible
5;bon produit
3;good quality
5;Jâ€™adore
4;produit excellent
3;pas mal
5;Produit super
4;TrÃ¨s bon
5;wakteh yarjaa en stock?
4;super
5;top
4;good
5;good product
4;haja top
4;The best !
4;Jâ€™adore !!
4;Jâ€™adore
3;jâ€™aime
5;top
5;mche maya alekher
4;produit est trÃ¨s efficace
5;bon produit
5;Ã  recommandÃ©
4;yes
5;Parfait
5;Good
5;top cette marque
5;bon produit
5;nekmandi dima menou behi
5;Un des meilleurs pour moi
4;bon produit
4;Efficace
3;good
4;good for acne  skin
4;Good
1;Top
5;Jâ€™adooore
5;Ã§a donne une bonne mine et une bonne texture
5;â¤ï¸
4;goodd
5;Produit impeccable
4;Top
2;les femmes savent bien qui est le top
4;Jâ€™ai apprÃ©ciÃ© la texture.
5;top
4;La meilleure
5;agrÃ©able
5;niceeee
5;super
5;Bien
4;good
5;je recommande
5;wow
3;tnahi les taches?
3;behia
5;je recommande !
4;le prix tayara
4;Yacer tayara w prix waw ğŸ¤©
4;je recommande
4;top
3;Topp
2;pas tellement
4;top
5;parfait
5;good
5;topo
2;metwast
4;Bien
4;TrÃ¨s bien
5;Top
5;TrÃ¨s trÃ¨s bonne
5;Belle huile qui sent trÃ¨s bien
5;the best
5;top
4;je prefere la version originale
3;marque tunisienne, une dÃ©couverte  , je vais lâ€™essayer inchallah
4;good
5;Pas mal
5;bon produit
3;odeur trÃ©s particuliere, le pot se finit vite
3;bon
4;good quality
5;Mchee barcha maa wejhi
5;super
5;eficace
5;gentle
4;good
5;je recommande
3;nouvelle dÃ©couverte en cours dâ€™essai
5;super
4;top
4;top
4;bech njarbo
5;je recommande le produit
4;mche maya
5;Top mshe maaya aalekhr
4;Ã€ utiliser sans hÃ©sitation
5;Wakteh toufa la promo?
5;Great quality.
3;bon produit
5;Produit excellent
5;nheb nzid nekhou
4;nesta3mel fih mche maya
4;souple 3al peaux yeser behi
5;nheb nzid nekhou
5;Top la promo !
5;soum maakoul
5;efficace surtout en hiver
5;c efficace
5;vraiment waw
4;nice
4;good 3jbni brcha
4;bon produit
5;Produit haut de gamme !
4;hydratante non collante
3;texture veloutÃ©e , ne convient pas aux peaux Ã  tendance acnÃ©iques
5;Avene top
4;efficace
5;top
5;Superbe belhak
5;top !  leger et apaisant
4;trÃ¨s bien
4;â™¥ï¸â™¥ï¸â™¥ï¸
5;Excellent quality.
5;produit tayara
4;Je le recommande vivement
5;je le recommande
5;toppp
5;mezel andkom menou?
5;toujours disponible?
5;Wakteh toufa la promo?
5;jarabtou behi barcha
5;tahfoun wmche maya
5;bon rapport qualitÃ© prix
5;Je veux repasser commande
5;dispo?
5;Je recommande
5;Super produit Ã  essayer
5;Je continue Ã  acheter ce produit
5;super
5;Encore dispo?
5;Yhabel
5;Tres satisfaisant
2;Bon produit
2;Bon produit
5;good
5;Jâ€™aime beaucoup
5;efficace
5;Good
4;super pour les rides
5;jarabtou behi barcha
5;dima nekhouh wou naawd
5;Je continue Ã  acheter ce produit
3;Soin Nuit Lissant
4;excellent
3;top
5;good ğŸ‘ ğŸ‘
4;gooddd
5;Le prix est trÃ¨s raisonnable
4;franchement toppp
4;super
5;super
4;trop bien
5;good et quantitÃ© gÃ©nÃ©reuse
5;toppp
4;gutttt
5;top
5;Good quality.
5;meilleurs produit
4;super
5;Ahsan wehd
5;Bon produit
5;Jai bcp aimÃ©e
5;Super produit Ã  essayer
5;tahfoun wmche maya
5;top
5;je recommande vivement
5;Top
3;un bon produit ama youfa fisa3
5;Tres bon produit, Ã§a hydrate super bien et Ã§a protÃ¨ge la peau  , jâ€™adore
5;TrÃ¨s Bon Produit
4;bon produit
5;Produit miraculeux contre les boutons, je recommande vivement
5;excellent
3;trÃ¨s efficace
5;the best
5;wakteh yarjaa en stock?
4;behi barcha
5;Top
4;â¤ï¸â¤ï¸â¤ï¸â¤ï¸
3;Un peu cher mais pour utilisation minimale et continue on voit des rÃ©sultats qui dure
5;Top
5;mezel andkom menou?
5;nheb nzid nechri menou
5;behi barcha
5;vraiment top !
5;khthitou ejebni !
5;bfhi barcha
4;heyl brsha
5;Good
5;Good ğŸ¥°
5;Je recommande fortement
5;heeeyl
3;svr top
4;good product
5;top
5;top
5;good
5;Jai bcp aimÃ©e
5;comment l\â€™utiliser?
5;nheb wehed ekher
5;Je continue Ã  acheter ce produit
5;Top
4;good quality
5;top
4;bon
5;â¤ï¸
5;bien
5;vraiment incroyable je recommande
3;top
5;La meilleure
5;Efficace
5;ğŸ¤
5;Je veux repasser commande
5;j\â€™adore
5;top
4;Top produit
4;bon produit resultat vu a long terme
5;bien
5;mezel en rupture?
5;Un des meilleurs pour moi
5;nesta3mel fih mche maya
5;Bon produit
4;produit efficace contre les tÃ¢ches brunes
4;Ù…Ù† Ø£Ø­Ø³Ù† Ø§Ù„Ù…Ù†ØªØ¬Ø§Øª Ø§Ù„Ù…ÙˆØ¬ÙˆØ¯Ø© ÙÙŠ ØªÙˆÙ†Ø³ Ø¶Ø¯ Ø§Ù„Ø¨Ù‚Ø¹ Ø§Ù„Ø¯Ø§ÙƒÙ†Ø© ÙÙŠ Ø§Ù„ÙˆØ¬Ù‡
5;Wakteh toufa la promo?
5;trÃ¨s bon produit
4;top
3;recommandÃ© par mon mÃ©decin esthÃ©tique pour Ã©liminer les tÃ¢ches (peau mixte )
3;merci
4;douce
5;excellent
5;efficace
3;toop
5;parfait
3;ğŸ‘ğŸ‘
4;ğŸ‘
5;merci
5;je lâ€™adore â¤ï¸â¤ï¸
5;top du top !
4;behi barcha
5;toop
5;nheb nzid nechri menou
5;top du top !
5;Top
5;coup de coeur
5;top top
5;vraiment tayara
5;nekmandi dima menou behi
4;nheb wehed ekher
5;good
5;efficace
4;good
5;yo9tel
5;tayara lhak fatah lwejh bel behy f wakt ksir
5;tayara
5;top llpeau grasse
5;andi barcha nestamel fih
5;khthitou ejebni !
4;Jai bcp aimÃ©e
5;Bon produit
5;le prix tayara
5;Je recommande bientÃ´t
5;Incr !
4;jâ€™aimme trop
5;good
5;good
5;nettoie bien
3;jâ€™adore
4;<3
5;<3 <3 i love
4;toppp
5;TrÃ¨s efficace contre les taches brunes
2;effet hydratant,mais l effet booster non ressenti aprÃ¨s 3 mois d utilisation
5;je recommande
5;Excellent produit. je le recommande vivement.
5;top
4;top
5;TrÃ¨s bon
4;mche maya alekher
5;Good quality. mjareb
5;Good quality ğŸ¤·â€â™‚ï¸
4;franchement toppp
5;nesta3mel fih mche maya
5;top
5;wakteh yarjaa en stock?
4;encore dispo??
5;tayara
5;manifique
5;coup de Coeur
5;100%
5;Je recommande le meilleure
4;Ne colle pas, excellent
5;mezel andkom menou?
5;soum behii
4;yecer tayara franchement
4;Vraiment top
4;Excellent
5;ğŸ¤ğŸ¤ğŸ¤ğŸ¤
5;Jâ€™adooore
4;efficaseğŸ©·
5;Efficace
5;top
5;Je recommande ğŸ’•
4;jâ€™adore
3;bien
5;good
5;hydrate les lÃ¨vres
5;Je le recommande en plus il sent trÃ¨s bon
4;top
5;good
4;vraiment top !
5;le prix tayara
5;Top
5;ta7founa ..temchi yaser m3a l peau seche seche
5;BON PRODUIT TOOP
4;top
5;Top
4;ğŸ˜ğŸ¤©ğŸ¤©
5;the best
5;rapport qualitÃ© prix behi
4;Super produit Ã  essayer
3;ce produit nettoie la peau mais jâ€™aime pas le fait quâ€™il nâ€™est pas moussant donc a chaque fois jâ€™Ã©prouve le besoin dâ€™ajouter plus de produit
4;jâ€™adore bien
4;efficace nettoyage et hydrate bien
3;good
5;nheb nzid nechri menou
4;le produit est top
5;tooop
5;bon produit
2;3tahouli mon dermato et c top Ã  recommander
4;toop
4;good
5;good ğŸ’¯
5;good product, i recommend
4;toooop â¤ï¸
4;je recommande
4;trÃ¨s bien ğŸ‘
5;My fav !
4;coup de cÅ“ur
5;ğŸ¤ğŸ¤ğŸ¤ğŸ¤
4;MON FAV
5;Good quality.
3;hydratant et apaisant , bon pour peau sensible
5;je l\â€™ai utilisÃ© il est bien
5;dispo?
4;dispo
3;bien
5;Excellent ğŸ‘Œ
4;Good
5;La meilleure
1;Je trouve pas leur utilitÃ© !
1;Effet rafraÃ®chissant
5;Un des meilleurs pour moi
4;Je veux repasser commande
4;je commande
5;Je lâ€™adore
4;+++
5;Top de top ğŸ’–ğŸ’•
3;top
3;Good quality.
5;Bon qualite je recommandeâ™¥
5;ğŸ«¶
2;Ã‡a donne un Ã©clat oui, pour ma peau grasse ne nettoie pas en profondeur
4;top
5;Incr ! Pour une peau mixte Ã  grasse
4;Good
5;brhi
5;thabel
4;I like it
4;tanjah
5;â¤ï¸â¤ï¸ â¤ï¸â¤ï¸
5;Top
4;la liste dâ€™ingrÃ©dient semble trÃ¨s riche! jâ€™aime
5;top
4;produit a conseiller
3;correcte
5;trÃ¨s bien
4;bien
5;good quality
5;khthitou ejebni !
5;comment lâ€™utiliser?
5;top
5;top
5;â¤ï¸
4;Bon produit. jâ€™aime bien car ne pique pas les yeux . pour un usage quotidien , il faut faire attention Ã  la pointe qui peut sâ€™assÃ©cher rapidement et donc bye bye Ã  lâ€™application prÃ©cise
4;comment lâ€™utiliser?
5;nesta3mel fih mche maya
5;the best
5;good
4;demaquille bien
3;bon
5;nheb wehed ekher
4;nheb nzid nekhou
5;super
4;Best gel nettoyant
2;pas top pour la peau grasse
5;the best
4;toujours disponible?
5;top du top !
5;Top
5;top
3;Je recommande pour peau sensible, mixte
4;BECH NKHTHOU SHAKROUH BARCHA
3;good ingredients
5;ğŸ™‚
5;Good
5;parfait
5;magnifique
5;nice
4;super
4;Top
5;tooop
5;trÃ¨s hydratant. rajeunissement des mains
4;jaiimmmee
5;mezel andkom menou?
5;Je recommande
4;GOOD
3;Pour ma fille atteinte dâ€™eczema , cela lui evite de se gratter. bonne hydratation .
4;good
4;extrÃªme couvrance. ne bouge pas. ne donne pas de boutons. dure un an +++ vaut son prix. choix de teintes trop limitÃ©s.
5;jâ€™adore
4;parfait
4;bon produit
3;Good and heavy cream, Iâ€™m using it as a make up base (base de makillage)
3;bien
5;good
4;Good
5;rÃ©sultat mawjoud
4;tayara !
5;bon rapport qualitÃ© prix
5;je recommande le produit
5;tayara !
5;le produit est top
3;bonne pommade
4;good
4;sa marche âœ¨ï¸
5;ri7a fraiche thabel
5;qualitÃ© top
5;good marque
3;ma lkitsh resultat maaha lhkika
4;le produit est top
5;wakteh yarjaa en stock?
5;IdÃ©e cadeau pour les mamans trÃ¨s originale
5;efficace
5;Ce vernis a transformÃ© mes ongles. Ils sont beaucoup plus forts et ne se cassent plus. De plus, il est parfait pour ma peau sensible.
4;Bon apaisant
5;magnifique
4;not bad
4;Top
3;excellent
5;produit est trÃ¨s efficace
5;Je continue Ã  acheter ce produit
3;Ich mag  â™¥ï¸
3;bech njarbha
5;Top dÃ©jÃ  nista3mil fih ğŸ‘ŒğŸ”
5;un bon produit
5;Parfait , effet bonne mine
4;top
4;le produit est top
5;Jai bcp aimÃ©e
4;top
4;mch khayeb ama mch behi lel abed eli andha acne
3;marque uriage ğŸ’–
5;top pour les peaux sensibles
5;top pour moi ğŸ’—
3;Excellent mais un peu cher
4;super pour les peaux avec tÃ¢ches brunes
5;RÃ©sultats approuvÃ©s, je le recommande
5;je le recommande
3;good
5;Bon Produit
5;Bon Produit
5;dima nekhouh wou naawd
5;VoilÃ  le bon produit
4;bien
5;Jâ€™adooore
4;bien
3;ok
5;parfait
5;parfait
2;svr top
5;good
4;â™¥ï¸â™¥ï¸â™¥ï¸â™¥ï¸â™¥ï¸
3;good
5;magique
4;efficace
5;andi barcha nestamel fih
5;Je recommande bientÃ´t
5;Ta7fou
5;Wakteh toufa la promo?
5;toujours disponible?
5;Top
5;TrÃ¨s bon produit
5;AvÃ¨ne â¤ï¸
5;top
3;yhabl
5;Avene top
4;trÃ¨s bien ğŸ˜Š
4;Top
5;efficace
5;trÃ¨s efficace
5;Ø¬ÙŠØ¯
5;top top top
5;Ø¬ÙŠØ¯ Ø¬Ø¯Ø¢
4;good
5;Top
5;ce produit est top .je ne change pas lâ€™eau micellaire bioderma pour peau sensible
4;trÃ¨s bon produit.
4;tres bon rapport qualitÃ© prix qualitÃ© ! j l aime bien <3
3;Pas mal
3;un bon nettoyant
4;excellent
5;je lâ€™adore
5;top top toppp
5;nheb nzid nekhou
5;j\â€™adore
4;jâ€™espÃ¨re
4;super
5;qualitÃ© top
5;raw3a
5;good
5;top
5;top top
4;super
5;je recommande â™¥â™¥â™¥
5;Top
2;Bon normale
5;top du top tres doux et hydratant
5;mon prÃ©fÃ©rÃ©
5;Je recommande
4;IdÃ©ale pour les peaux mixtes Ã  grasses
2;mat
5;tayara
5;the best
5;the best
5;Je le recommande !
4;bon produit
4;qualitÃ© produit tayara
5;j adore
3;bech najrbha
5;topppp
5;great one
5;mche maya
4;mche maya
5;tayara !
5;khthitou ejebni !
5;top du top !
5;top
5;nesta3mel fih mche maya
5;nekmandi dima menou behi
5;je recommande le produit
5;encore dispo??
5;mche maya
5;nesta3mel fih mche maya
5;Good quality.
5;ifarhad
5;Je recommande alekher ğŸ¤©
4;toopp
4;bon
3;behi barcha
4;the besstt for meee
5;Meilleur anti cerne
3;ğŸ˜
5;soum maakoul
4;je lâ€™ai utilisÃ© il est bien
5;magnifique â¤ï¸â¤ï¸
5;parfaite Pour peaux sÃ¨ches Ã  trÃ¨s sÃ¨ches
4;magnifique
5;khthitou ejebni !
5;ejebni bech nawed menou
5;jarabtou behi barcha
5;nesta3mel fih mche maya
5;produit est trÃ¨s efficace
4;topp
4;toop
3;top
4;behya barcha
4;bien
5;top
4;top
5;top bon produit
5;nice
4;toppp
5;nice
5;toujours disponible?
5;Le prix est trÃ¨s raisonnable
4;Je recommande
5;j\â€™adore
4;Jâ€™adore ğŸ¥°ğŸ¥°
4;je recommande
5;top
4;super
5;bon rapport qualitÃ© prix
4;dispo?
3;produit doux
5;magnifique
5;Doux
4;je recommande pour peau hyper sensible
4;un bon produit
5;Jâ€™aime beaucoup lâ€™originalitÃ© du produitğŸ’â¤ï¸â¤ï¸
4;Je le recommende
5;Bien
5;â¤ï¸â¤ï¸â¤ï¸
5;Wow
5;Wow
4;â¤ï¸â¤ï¸
4;bech njarbha
4;Top
5;tooooopâ¤ï¸â¤ï¸â¤ï¸â¤ï¸
5;jâ€™adore
5;Je veux repasser commande
4;ri7tou bnina w ynadhef w ya3ti Ã©clat ama lezem ba3dou crÃ¨me hydratante pour les peaux sÃ¨ches
4;â¤ï¸ğŸ¥° nice
5;toop toop
2;top
5;khthitou ejebni !
5;le produit est top
5;nheb nzid nekhou
5;Super produit Ã  essayer
3;ok
4;nesta3mel fih mche maya
5;encore dispo??
5;Good quality.
3;Jarabtou et ta7foun
4;I like it
4;Je continue Ã  acheter ce produit
5;TrÃ¨s bon
4;TrÃ©s nourissant , la peau est trÃ©s douce aprÃ©s
5;ğŸ˜ğŸ˜ğŸ˜ğŸ˜
4;â˜ºï¸âœ¨
5;excellent
2;pas de resultat
3;Efficace contre les taches brunes
5;j v confirmer
5;le plus efficace
4;Top
5;top
4;ce produit me donne un effet glowy tres beau apres lâ€™application !!! et a long terme j ai remarquÃ© la disparition des taches brunes
3;top
3;ce nâ€™est pas miraculeux
5;Top
5;Meilleur produit
3;â™¥ï¸â™¥ï¸
5;mezel en rupture?
5;mche maya
5;jâ€™ai bien aimÃ©
3;efficace
5;nesta3mel fih mche maya
5;vraiment top !
5;efficace
5;je recommande produit authentique
3;Bien
4;correcte
4;bien
4;good
4;merci
4;toop
5;good product
5;je recommande vivement
5;ğŸ˜ğŸ˜â™¥ï¸ğŸ’–ğŸ’–
5;je recommande vivement
5;super
4;good
4;Just wow
4;raw3a
5;super
5;soum behii
5;yecer tayara franchement
5;cette huile est incroyable!! son odeur est tellement bonne je pense a la boire parfois ahahaha et surtout que lâ€™odeur se colle dans les vÃªtements et sur la peau aussi pour une tres longue durÃ©e
5;Bon produit
5;"bes oil for body !!
mon coup de cÅ“ur ğŸ˜"
5;Good
5;Mon meilleur produit top top effet bonne mine
5;gÃ©nial
4;Super produit
4;un bon produit
5;il est top â¤ï¸
5;Lâ€™effet se voit du premier mois, mais il faut continuer lâ€™utilisation
4;Top
5;Perfect
5;top
3;good
5;bon produit
4;Top
4;tooop
5;andi barcha nestamel fih
5;nekmandi dima menou behi
4;bon
4;bien
5;nheb wehed ekher
5;produit est trÃ¨s efficace
5;le produit est top
4;Top
2;Jâ€™ai pas trop aimÃ©
4;trÃ¨s efficace
5;â¤ï¸
4;bien
5;magnifique
5;magnifique je recommande vivement
5;top
4;bien
5;excellent
4;ğŸ¤
4;JE VALIDE
4;topp
2;ğŸ˜Œ
3;svr top
4;bien
5;je recommande
5;ğŸ˜ğŸ¤©â™¥ï¸
4;je recommande
3;.
1;ğŸ˜
5;un excellent produit  â¤
5;top topp
5;je recommande
5;bien
5;efficace
3;top
5;excellent produit
4;Bonne hydratation
4;gd
3;pas mal ama youfa fisa3
5;Ã‡a sent bon , Ã§a donne un coup dâ€™Ã©clat et Ã§a maintient bien lâ€™hydratation du visage ! Parfait
5;mche maya alekher
4;wesletni lcommande ayechkom
5;tahfoun wmche maya
5;Ã€ utiliser sans hÃ©sitation
5;soum maakoul
5;excellentâ¤ï¸ğŸ˜
5;Exelent
4;jâ€™aime ce produit
4;Je recommande
5;top
4;efficace
3;ğŸ‘ŒğŸ‘Œ
3;normal
4;normal
5;produit interessant
5;efficace
5;good
5;Je suis trÃ¨s satisfaite de ce produit
5;Good quality.
4;good
5;top
5;jâ€™adore
3;ok
4;trÃ¨s bon
4;toooop
4;TrÃ¨s bon
5;Je recommande
4;le prix tayara
5;Le prix est trÃ¨s raisonnable
5;bon produit, bon rapport qualitÃ© prix, je le recommande
5;Top
5;"super hydratant
behi leli andhom psoriasis"
4;bon produit
5;parfaite
4;top
5;"Jâ€™ai achetÃ© toute la gamme Fiderma Clarifid; gel nettoyant, creme du jour et serum. Vraiment Top du Top.Mes taches commencent a disparaitre. Et comme on disait Ø§Ù„Ø¯ÙˆØ§Ù… ÙŠÙ†Ù‚Ø¨ Ø§Ù„Ø±Ø®Ø§Ù…"
5;nheb wehed ekher
4;vraiment top !
5;Love it
5;Top
4;not bad
4;.
4;Bien
5;Le prix est trÃ¨s raisonnable
5;encore dispo??
5;la solution micellaire ideale
3;top
5;Good
5;Good quality.
5;ce baume Ã  lÃ¨vres est super hydratant
5;Je le recommande !! Un produit du top !
5;very good
5;trÃ¨s doux Ã§a marche trÃ¨s bien avec les peaux sensibles
5;Mousse agrÃ©able Ã  utiliser , jâ€™ai une peau assez sensible et Ã§a ne mâ€™a pas du tout irritÃ© ğŸ‘Œ
4;super
5;franchement toppp
5;Un des meilleurs pour moi
5;Je recommande
4;trop beau pour les peaux grÃ¢ce
3;good
5;toujours disponible?
5;mezel en rupture?
3;bien
5;trÃ¨s efficace
5;mche maya
5;produit est trÃ¨s efficace
5;I like it !
5;Top
5;Le prix est trÃ¨s raisonnable
4;comment lâ€™utiliser?
4;TrÃ¨s bon pour peaux grasses
5;Efficace et rÃ©sultat rapide
4;pourtant que j ai la peau seche, j ai trouvÃ© que ce produit est respectueusement hydratant et sa sens tres bon en plus!!!
5;hydrate bien
5;Je recommande
5;le produit est top
4;Ã€ utiliser sans hÃ©sitation
5;produit est trÃ¨s efficace
5;Je recommande bientÃ´t
5;nesta3mel fih mche maya
4;excellent pour les peaux sensibles
4;ğŸ˜
4;Bien
5;je recommande
5;toppp
4;â¤ï¸â¤ï¸
5;top
5;good
5;Je continue Ã  acheter ce produit
5;je lâ€™ai utilisÃ© il est bien
4;Top
4;je recommande pour peau sensible , mixte
3;bech njarbha
3;Behy
5;Tayaraaa
5;Jâ€™adore
5;Good quality.
5;top
5;le produit est top
5;je recommande !
4;top
5;je recommande le produit
4;comment lâ€™utiliser?
5;nheb nzid nekhou
5;mezel en rupture?
5;Good
5;bhy
4;good
4;good
5;thÃ© best
5;nice
5;Ã€ utiliser sans hÃ©sitation
5;Je suis trÃ¨s satisfaite de ce produit
5;âœ¨âœ¨
4;texture lÃ©gÃ¨re hydrate bien sans laisser de film
5;trs efficase
5;trÃ¨s efficace
5;nheb wehed ekher
4;Wakteh toufa la promo?
3;Top
3;bon
5;Bon produit
5;dima nekhouh wou naawd
5;TrÃ¨s bon
5;bon rapport qualitÃ© prix
5;Je recommande
5;good
4;parfait
4;wow
5;RafraÃ®chissant
4;Je recommande ğŸ’•
5;â€¦..jâ€¦.
5;yhaballllllll
3;good
5;top
5;toooop
5;top top
5;TOP
4;Good quality.
5;<3
3;efficace
4;parfait
5;superbe
4;aadi
3;bonne qualitÃ© ğŸ‘
5;ğŸ’–
4;douce pour la peau
5;magnifique
5;Parfait il respecte la peau nâ€™assÃ¨che pas et nâ€™agresse pas la peau en la nettoyant
4;bonne dÃ©couverte
5;khthitou ejebni !
5;mche maya alekher
5;un bon produit. lâ€™odeur est agrÃ©able sans excÃ¨s
5;khthitou ejebni !
4;Good quality
4;câ€™est vraiment parfait
5;Good quality.
3;akeka wbara ma ameli chy
5;Love it
5;le prix tayara
4;wesletni lcommande ayechkom
4;Top
5;toooooop
5;Parfait
4;tooop
4;â™¥ï¸â™¥ï¸
3;JAIME BIEN
5;Excellent
4;Good
5;Great
5;Ø±Ø§Ø¦Ø¹
5;Excellent rÃ©sultat
4;Ø¬ÙŠØ¯
4;Good result
5;It an Excellent rÃ©sultat
4;Great product
5;Ù…Ù…ØªØ§Ø²
5;excellent
3;bon produit
5;top
4;je recommande
5;authentique
3;Il est bon
5;La crÃ¨me Ã©claircissante beesline est une excellente option pour ceux qui cherchent Ã  amÃ©liorer lâ€™uniformitÃ© et la luminositÃ© de leur teint. Avec une utilisation rÃ©guliÃ¨re, elle offre des rÃ©sultats visibles et durables, tout en prenant soin de la peau.
5;je recommande
4;manifique
5;Jai bcp aimÃ©e
5;jarabtou behi barcha
5;mche maya
5;andi barcha nestamel fih
4;excellent produit  pour peau sensible
5;encore dispo??
4;rapport qualitÃ© prix behi
4;un bon produit
5;je recommande cette marque
3;nouvelle dÃ©couverte
3;Bon produit
5;franchement toppp
5;wakteh yarjaa en stock?
2;Rapport qualitÃ© prix 0
5;bien
3;bien
4;efficace
5;bien
5;Top â¤ï¸â¤ï¸
5;top qualite
5;top
5;top
5;raw3aaaaa
3;b1
4;nheb nzid nechri menou
5;andi barcha nestamel fih
5;Good quality.
5;trÃ¨s efficace â¤ï¸
5;efficace
5;â¤ï¸â¤ï¸
4;couvrant
4;Good
5;Excellent
4;ğŸ‘Š
4;ğŸ‘Š
4;so sweet
4;top
2;efficace
5;andi barcha nestamel fih
5;mche maya alekher
5;behi barcha
5;franchement toppp
5;soum maakoul
4;toujours disponible?
5;bien
5;top top
5;top
5;hlow
4;tooop
5;top
5;Tooop
5;Good quality.
5;Top
4;Top
3;Good
4;top
3;ğŸ‘ğŸ‘
5;Topp
5;formidable
5;trÃ¨s bien
4;okkk
5;top du top
5;GOOD
4;Bien
4;bien
5;top
5;excellent
5;efficace pour sensible
5;super effet immediat presque
5;good
5;super
5;rapport qualitÃ© prix
5;top top
5;top
4;cv
4;sympa
5;Top
4;top
3;topp
1;Aucun effet
5;Parfait
4;top
5;je recommande le produit
5;nheb nzid nechri menou
5;Bon
4;ihabal
5;encore dispo??
5;je recommande !
3;âœ¨âœ¨âœ¨
5;je recommande
4;top pour peaux sensibles
4;Il fait lâ€™affaire
3;ca marche
5;jâ€™adore texture douce pour peaux sensibles
5;excellent nettoyant pour peau sensible
5;top
5;good
5;Efficace
3;Pas mal
5;Top
5;parfait pour les peaux irritÃ©es
4;Top
4;Excellent pour hydrater et dimine les vergitures
5;Un coffret prodigieux et indispensable â¤ï¸
5;jaime bq
5;bonne qualitÃ©
5;Top
4;Un coffret prodigieux
5;bien
5;Jâ€™adore
5;top
5;Super produit Ã  essayer
5;yecer tayara franchement
5;wakteh yarjaa en stock?
5;mche maya alekher
5;good
4;rapport quallitÃ© prix
5;Trs satisfaitâ™¥
5;top
5;dispo?
5;top du top !
5;bon rapport qualitÃ© prix
5;encore dispo??
5;ğŸ¤ğŸ¤ğŸ¤ğŸ¤
5;magnifique pour un premier nettoyage!!
5;top
5;Les produits filorga est top
5;bon produit
5;Super produit Ã  essayer
5;top
4;cool
4;top
5;toppp
4;Top
4;excellent
5;je lâ€™ai trouvÃ© efficace pour un prurigo, je le recommande
2;Ps mal
4;e3ti Ã©clat mzyena lil wjeh
5;efficace
3;"jarbto lhkika ma tbdel chay
yomken lezem nestamel akther"
4;nheb wehed ekher
5;TrÃ¨s bon
5;good
5;great
4;Bon rapport qualitÃ© / Prix
4;trÃ¨s bien
4;Good Quality
4;good Quality
4;Good Quality
3;good
4;parfait
5;top
5;Jâ€™aime bien ce produit
4;goof
5;trÃ¨s efficace
4;top
3;Nettoye bien la peau
5;bon produit
4;un bon produit
4;a essayer
3;good
3;bien
5;Smell good
5;A utiliser
3;pas mal
5;mche maya alekher
5;andi barcha nestamel fih
5;soum maakoul
5;je recommande le produit
4;Amazing je recommender
5;Good quality.
5;ğŸ‘ŒğŸ»
5;trÃ¨s bien
5;good pour peau sensible
5;bonne hydratation
4;efficace
3;top
5;Excellent rÃ©sultat
5;Parfait
5;comment lâ€™utiliser?
5;Ã€ utiliser sans hÃ©sitation
5;Trs satisfait merci
5;encore dispo??
5;franchement toppp
5;Top
5;âœ¨âœ¨
4;Bon
4;BIEN
4;Hydratante et non gras
4;je recommande
3;Excellent ğŸ‘ŒğŸ¼
5;TOOP
2;pas mal
5;doux
4;rapport qualitÃ© prix âœ“
5;Cette base est un must-have dans ma routine beautÃ©. Ma peau est hydratÃ©e et mes ongles sont protÃ©gÃ©s. Je lâ€™adore
5;top
3;t
5;produit top
5;Top
5;mahleeh
4;good
5;top
4;good Quality
4;good Quality
3;bech njarbha
5;â¤ï¸â¤ï¸â¤ï¸â¤ï¸
3;pas trÃ¨s hydratant.
5;Top
5;top
5;efficace pour peau seche, je recommande
5;Gamme top
3;Nettoye bien
5;TrÃ¨s satisfait
5;Good quality.
4;nice
5;Good prices
5;toujours disponible?
5;top du top !
4;franchement toppp
5;nheb nzid nechri menou
3;douce , Ã  recommander
5;toop
5;good
5;Not bad
5;jarabtou behi barcha
5;mezel en rupture?
5;bon rapport qualitÃ© prix
1;nul akhyeb creme hydratante jarabtha
5;dispo?
5;jâ€™adore
4;good
5;encore dispo??
4;Top
4;â™¥ï¸â™¥ï¸ğŸ’–
4;bon produit
5;jarabtou behi barcha
4;TrÃ¨s bon
4;Bon
4;mezel andkom menou?
5;rÃ©sultat mawjoud
4;wesletni lcommande ayechkom
5;mezel andkom menou?
5;nheb nzid nekhou
5;Je continue Ã  acheter ce produit
5;Top
5;Top
5;bonne qualitÃ©
5;bon qualitÃ©
3;bon
5;behi barcha
4;âœ¨
4;"GOOD QUALITY
Authentic"
5;top
4;behi barcha
5;Good
5;top
3;Bon
4;Bon qualitÃ©
5;meilleur prix
5;ce produit est indispensable ğŸ¤©ğŸ¤©
5;qualitÃ© top
5;good quality
5;very good
4;bon
5;mezel andkom menou?
5;Wakteh toufa la promo?
5;mn a7sen les gels nettoyant il es doux 3al peau
4;douce w tnadhaf blgde ama mna9setlich acne
5;impressionnÃ© par ce gel il nettoie sans assÃ©cher ma peau
4;Excellent pour peau acnÃ©ique
5;top top
4;super
4;Good cleanser
4;top
5;top
5;il est magnifique le produit!
4;3jbni nhli lhboub
4;Nettoyage de peau profonde
4;Top
5;meilleure gel nettoyant
5;Ø§Ù„Ù„ÙŠ Ø¹Ù†Ø¯Ùˆ Ø§Ù„Ø­Ø¨ ÙÙŠ ÙˆØ¬Ù‡Ùˆ Ø­Ø§Ø¬Ø© Ø±ÙˆØ¹Ø©
5;top
5;trÃ¨s efficace pour les peaux mixtes
5;efficace pour les peaux grasses
4;Parmis les meilleurs gel nettoyant
4;Bon rapport qualitÃ© prix
5;â¤ï¸â¤ï¸
5;Il est parfait ğŸ¤
5;ğŸ‘â€‹ğŸ‘â€‹
5;Perfect
4;bon rapport qualitÃ© prix
5;parfait !
4;Ce gel a une bonne texture.
4;TOOP
5;efficace pour les imperfections
5;â¤ï¸â¤ï¸
5;bon produit ! convient aux peaux grasses, acneique, sensible
5;le meilleur â™¥ï¸
5;Excellent pour peau Ã  tendance acnÃ©ique
5;The best
5;Parfait
4;bien
3;efficace
5;super
5;En Promotion rien que pour vous !
5;Good quality.
5;Good quality.
5;Good quality.
5;toop
4;top pou une peau parfaite
5;j adore
5;jadore
5;Tooop
5;Good product
1;big flop cette produit aucun effet par des autres marques moins chers
5;ğŸ¤ğŸ¤ğŸ¤ğŸ¤ğŸ¤
5;produit top .. jâ€™adore
5;toooooop
5;testÃ© et approuvÃ© ğŸ‘
4;toop top
3;Top
4;Je recommande
3;Pas mal
5;un tres bon produit
5;top
5;Trs bon Qualite
5;Good quality.
5;super hydratant
5;super hydratant
4;trop collant mais bien hydratant
5;tres hydratant
5;satisfait
5;has a lipgloss like finish while bieng super hydrating
4;qualitÃ© top
5;tres bon produit
5;jadoree
4;ğŸ‘
5;Magnifique !
4;magnifique
5;TOP
5;Excellent produit il rÃ©pare rapidement les lÃ¨vres
5;super hydratant
5;Efficace â¤ï¸
4;Top
5;jâ€™adore
5;tres hydratant
5;Toppp trÃ¨s efficace
4;hydrate en profondeur
5;To0
4;Top
5;une hydratation extraordinaire
5;hydratante et binifique
4;I like it
5;super
4;super
5;rÃ©pare rapidement mes lÃ¨vres
5;Top de top the best ever
5;les produits sont efficaces
5;trÃ¨s hydratÃ© ğŸ¥°
5;very good
5;le plus efficace sur le marchÃ©
5;Tres efficace ğŸ˜ je recommande !
5;Top
5;hydratant et efficace
5;love it
5;top du top
2;hydratant mais dÃ©sagrÃ©able effet
2;meh
5;Top
5;tooooop
5;top
4;le meilleur
5;Good quality.
5;Good quality
5;Top
5;Top
5;Behi 3lkhr
5;top
5;le meilleur
5;Top
4;good
5;Good quality
5;impeccable
4;top
5;behy 3alekher ll les imperfections
5;TrÃ¨s efficace
5;le meilleur
5;jâ€™aime
5;top
4;tres efficase
4;tooopp
4;jâ€™aime
5;top
5;Nice
5;top du top !
4;TOP
5;Good one
4;Ye3jebni
5;dima nekhouh wou naawd
5;j\â€™adore
5;soum maakoul
5;Wakteh toufa la promo?
5;Machalla
5;Good quality.
5;excellent produit
5;excellent
4;suuperr
5;efficace
5;mahleh i recommenend
5;bien
5;efficace
5;Good quality.
5;parfait
5;Ø±ÙˆØ¹Ø©
5;meilleure produit
5;Top
5;â£ï¸â£ï¸
5;ğŸ’¯
5;Top
5;good
4;Bon oroduit nettiyant en douceur mais il nâ€™est pas teop adaptÃ© en Ã©tÃ© Ã  mon avis pour les peaux mixtes qui regraissent vite.
4;trs satisfait
5;Top
4;Bon produit pour peau seche
5;top top top
5;super
4;produit efficace pour peau nrml a seche
5;â£ï¸â£ï¸
4;Tahfoun
4;top
3;Pas mal
5;toooooop
4;GOOD QUALITY!
3;top
5;un produit qui rÃ©pond Ã  mes attentes
5;gÃ©nial
5;toooop
5;TrÃ¨s efficace
4;Un bon produit trÃ¨s Efficace mais Ã  Ã©viter pour une peau hypersensible
4;ğŸ©·
4;fort
4;efficace
5;trop efficace
5;Tellement miraculeux â¤ï¸
5;top top
5;je ne peux plus mâ€™en passer merci pour ce produit
5;â¤ï¸â¤ï¸
5;One of the best vitamin c
5;produit top , jâ€™adore
5;jâ€™adore
5;trÃ¨s bon nettoyant, dommage quâ€™il soit en rupture
5;Good quality.
5;good
5;top
4;good product
4;Mche maaya
5;trÃ¨s efficaces
5;Good
5;top
4;good
4;câ€™est super
4;jâ€™adore ğŸ¤©
5;qualitÃ© top
4;Good
4;trÃ¨s efficace
3;good
5;andi barcha nestamel fih
5;dima nekhouh wou naawd
5;Good quality.
5;Good quality.
5;tres doux
5;Le meilleur
3;Bienn
5;good
5;in love
4;bien
3;Mch khayb yaaml Ã©clat fil wejah
5;top top
3;la meilleurâ¤ï¸
4;Ã§a marche, light weight w yaati Ã©clat
5;vraiment jâ€™adore
3;metwasset
4;Top la promo !
5;andi barcha nestamel fih
5;"Ø·ÙŠØ§Ø§Ø§Ø±Ù‡ Ù…Ù‚Ø§Ø±Ù†Ø© Ø¨Ø§Ù„Ø³ÙˆÙ… ØŒÙŠÙ†Ø¸Ù Ø¨Ø§Ù„Ø¨Ø§Ù‡ÙŠ.
Ø£Ù…Ø§ Ø¨Ø§Ø¹Ø¯ ØªÙ†Ø¸ÙŠÙ ÙŠØ´ÙŠØ­ Ø§Ù„Ø¨Ø´Ø±Ø© Ø´ÙˆÙŠ donc Ù„Ø§Ø²Ù… ØªØ³ØªØ¹Ù…Ù„ Ø¨Ø¹Ø¯Ùˆ crÃ¨me hydratante."
5;Doux sur la peau et efficace au mÃªmr temps. Sent agrÃ©ablement bien.
5;efficace
4;the best
5;bien
5;je recommande
5;je recommande trÃ¨s bÃ©nÃ©fique pour peau grasse
4;efficace et doux sur la peau
4;Behya
4;behy fait le job
5;tayara !
4;yecer tayara franchement
5;Ma peau est claire w t7isha fraiche, produit 7abitou barcha
4;j ai testÃ© ce produit pendant 3 mois je crois et on remarque un coup d Ã©clat immÃ©diat dÃ¨s le premier usage . un autre truc câ€™est quâ€™il est tres moussant une petite noisette est extrÃªmement suffisante pour nettoyer le visage en profondeur
5;top l 7a9
4;top
1;pas vraiment
3;pas suffisant seul
5;Yacer tayara ğŸ˜
4;exfoliation douce et efficace
5;tip top
3;behi ta7foun
5;excellent
4;top
5;hydratation garantie !
5;Ã‡a hydrate hyper bien mais lâ€™odeur est un peu dÃ©sagrÃ©able
2;Hydratation ne dure pas longtemps,  5/10
5;Ù…Ø´ÙƒÙˆÙˆØ±Ø© Ø¨Ø±Ø´Ø§Ø§Ø§ .ØµØ­Ø¨Ø§ØªÙŠ ÙŠØ®Ø°ÙˆØ§ Ù…Ù† Ø¹Ù†Ø¯ÙƒÙ… ÙˆØ£Ù†Ø§ Ù†Ø­Ø¨ Ù†Ø¬Ø±Ø¨
5;Good love it
3;top
4;nice
5;produit top top
5;Nooonn pour moi eucerin ahssen haja
5;produit top
5;Top
4;wanna buy it again
5;tooop
4;Top
5;magnifique â¤ï¸
5;Au top
3;magnifique
5;Top du top
5;"câ€™est un produit trÃ¨s efficace
il a changÃ© ma peau carrÃ©ment"
5;mon prÃ©fÃ©rÃ© il mâ€™a sauvÃ© la vie youfaa minna n3awed nechrih il est juste top
5;trÃ©s efficace contre les boutons et la sÃ©cretion du sÃ©bum! top
4;EFFICACE BIEN
5;Excellent !
5;Excellent pour peaux grasse !
5;Excellent produit
4;recommandÃ©e par ma dermatologue
5;Exellente !conseillÃ©e par mon dermatologue
5;IdÃ©al pour les peaux sujettes Ã  lâ€™acnÃ©
5;the best for acne prone skin
5;Incr !
5;coup de coeur
5;ğŸ¤ğŸ¤ğŸ¤ğŸ¤ğŸ¤
4;Jâ€™adore
5;excellent
3;bien
5;tayara ğŸ’—
5;Je le kiffe !
4;ğŸ‘ğŸ‘
4;ğŸ‘ğŸ‘ğŸ‘ğŸ‘ğŸ‘ğŸ¥°
5;efficace
5;top
5;Ø¬ÙŠØ¯
5;top top
5;Incr !
5;ğŸ’¯ğŸ’¯ğŸ’¯
5;rapport qualitÃ© prix behi
5;vraiment top !
4;Bon produit
5;Very good product ğŸ”¥
5;produit top
5;le produit est top
5;j\â€™adore
5;nekmandi dima menou behi
5;â¤ï¸
4;je vais l essayer, parmis les meilleurs
4;Wa9tach tjiboh
4;â¤ï¸â¤ï¸â¤ï¸â¤ï¸â¤ï¸
5;supet
5;ğŸ¤© cicatrisation rapide prouvÃ©, je lâ€™utilise et je suis satisfaite
5;Jâ€™ai beaucoup aimÃ© la formule de ce produit (lÃ©gÃ¨re sur la peau)
5;the best
4;the best
4;jâ€™hÃ©site entre lui et cicalfate
5;top
4;a tester
4;jâ€™aime
5;top
5;TrÃ¨s bien
4;Bravo
5;Top
4;Good quality.
5;efficace
3;efficace pour les peaux Ã  tendance acnÃ©ique
4;efficace
5;Efficace
4;efficace dans quelques semaines
5;good price and quantity and quantity
5;I like it
4;Bon produit
4;Ynadhf l wejah ma4ir maychay7ou tahfoun
2;ynadhef ama ytala3 bcp de boutons
5;TOOP
5;câ€™est le meilleur
5;stamaltou behi
5;behi barcha
5;top
4;efficace pour les peaux  Ã  imperfections
4;super !!
5;top !!!
4;"TOP
mezel en rupture ?"
5;top
4;yecer tayara franchement
5;franchement toppp
5;good
5;TrÃ¨s bon
5;top
5;top wakteh tjibouh plz
4;Bon
5;Top
5;excellent
5;Perfect
4;top
5;excellent
5;mahlehaaa pour tous types de peaux
4;jâ€™adore
5;very good
5;Je recommande cette crÃ¨me Ã  ceux qui recherchent une hydratation efficace et une peau douce.
5;je recommande
5;top
5;meilleur serum pour les tÃ¢ches brunes
2;maritch 7ata ntija
4;Good quality
3;"MalgrÃ© son prix, 3jebni jâ€™ai constatÃ© un coup dâ€™Ã©clat
Ã€ recommander franchement il nâ€™est pas mal"
4;efficace pour les taches brunes
4;toujours disponible?
5;Super produit Ã  essayer
5;Good quality.
5;Good quality.
5;beau produit
3;ğŸ‘ğŸ‘ğŸ‘
3;Marche tres bien
4;efficace pour peau grasse
3;efficace
4;yna7i lâ€™acne ta7foun
5;trÃ¨s efficace surtout ba3d Ã©pilation
4;Rapport qualitÃ© prix acceptable
4;Bon
2;jâ€™ai pas trop aimÃ©, je rentre comme un panda surtout avec la chaleur alors que normalement c waterproof
5;Top
5;pour les traces de boutons ce stylo est perfect
4;bonne qualitÃ©
5;j\â€™adore
4;comment lâ€™utiliser?
5;le meilleur pour la peau grasse
5;top ynadhef sans agressÃ© la peau
5;top du top
5;Top
4;le meilleur pour la peau grasse
5;ca va
5;Good quality.
5;trÃ¨s hydratante
4;trs satisfait ğŸ”¥ğŸ”¥ merci
5;vraiment top !
5;dima nekhouh wou naawd
2;honnÃªtement, femma makhir minâ€™ha
5;trÃ¨s cool  et hydratant , excellent aprÃ¨s le nettoyage
5;excellent
3;refreshing
5;TrÃ¨s bien
5;RosÃ©liane est lâ€™une des meilleures crÃ¨mes pour les personnes souffrant de rosacÃ©e.
2;cÂ´est vraiment magnifique
5;Je veux repasser commande
5;toujours disponible?
4;wa9tek yarja3 en stock?
3;Bon produit
5;Super
5;malheureusement en rupture
5;super
1;Qui a utilisÃ© ce produit peut me donner son avis ??
5;curly hair friendly
5;genial
4;crÃ©me retinol ta7founa
5;Mon creme solaire prÃ©fÃ©rÃ©es
5;Top
5;top
5;top ğŸ˜ğŸ˜
5;Ma7leh
5;Good quality.
5;Efficace
5;efficace
4;je recommande
4;tayyara
5;sensation de douceur garantie, convient parfaitement Ã  ma peau sensible
5;Ã§a donne la sensation de fraicheur surtt en Ã©tÃ©
5;trÃ¨s  rafraÃ®chissant
1;peu hydratant
5;behy
5;rÃ©sultat mawjoud
4;Je recommande
5;nekmandi dima menou behi
5;Super produit Ã  essayer
5;ejebni bech nawed menou
5;rÃ©sultat mawjoud
5;Good quality
5;ğŸ¤ğŸ¤ğŸ¤ğŸ¤ğŸ¤ğŸ¤
4;good quality
5;good
5;mn a7sen les crÃ¨mes hydratante eli sta3mlthm pour peau mixte Ã  grasse
5;Excellent produit
4;Very nice
5;Avene top
4;EXCELLENT
4;top
5;Excellent produit
4;top mais toujours en rupture
4;c eclaircissant et glowy
5;je recommande top top tooop
4;top wakteh tjibouh plz, 40ml chwaya
4;a essayer
4;Good quality.
5;a life saver
5;top produit  meilleur qualitÃ©
5;excellent
5;excellent
3;Pas mal
5;Un des meilleurs pour moi
5;Je recommande
4;Efficace 3al li5ir
5;top
5;Good quality.
5;top
5;top
1;moyen
5;QualitÃ© top et trÃ¨s efficace
4;reparatrice ama thessou kel boumadha ala cheftek
4;parfait
5;super efficace
5;trÃ¨s efficace pour lâ€™irritation et les rougeurs
1;nul
4;Hydration +++ avec une de odeur de miel agreable
5;un des meilleurs baumes a lÃ¨vres que j ai jamais testÃ© il repare les lÃ¨vres gercÃ©es du premier usage
5;le meilleur remÃ¨de pour les gerÃ§ures dommage quâ€™il est tjr en rupture de stock
4;produit excellent
4;Good
4;mezel andkom menou?
5;jarabtou behi barcha
1;khsayer flous
3;bon
5;top
4;top pour la peau sÃ¨che. il mâ€™a Ã©tÃ© recommandÃ© par mon dermatologue.
5;vraiment top !
5;je recommande !
4;"effet bonne mine immÃ©diat, rÃ©gule la sÃ©crÃ©tion de sÃ©bum
il faut juste appliquer une crÃ¨me hydratante aprÃ¨s"
4;Haja ğŸ™ğŸ½
4;cv
4;supper
5;efficace
5;jâ€™adooree
5;vraiment ce produit est une dÃ©couverte le mousse nettoyante donne une trÃ¨s bonne mine et Ã©clat instantanÃ© mais avec le vit c  c waaaw surtt que le sÃ©rum et hautement concentrÃ©, le seul a marchÃ© qui contient 25% du vit  c . je le recommande
5;perfect combination ğŸ‘Œ
4;Best vit c ğŸ¤©
4;Je recommande
4;Good for shaving
5;andi barcha nestamel fih
5;vraiment top !
5;dispo?
5;mche maya alekher
5;ejebni bech nawed menou
5;Je recommande
5;heyl
3;excellent produit ğŸ‘ŒğŸ»
3;"Une bonne dÃ©couverte et recommandation
Excellent"
5;tres efficace pour les traces
5;trÃ¨s efficace surtout pour lâ€™acne
5;trÃ¨s bonne creme
5;Super produit Ã  essayer
5;Ã€ utiliser sans hÃ©sitation
5;i have been using it for years cleans the skin so well without leaving it dry
4;i like it so much jrbtou toop
5;The best
4;jâ€™adore ce produit
5;top pour la peau Mixte Ã  grace avec une texture lÃ©gÃ¨re (mychaya7ech elwejeh)
4;top pour beau acnÃ©ique
5;rapport qualitÃ© prix behi
4;Je continue Ã  acheter ce produit
5;oui
5;intÃ©ressant
4;Ã©clat mahleh baad masque
5;Je recommande bientÃ´t
5;Je recommande
5;efficace
5;A vos panier
5;trÃ¨s satisfaite
5;mon prÃ©fÃ©rÃ©
4;super
5;super
5;super
3;preferably to be used in summer for freshness. smells really good
5;Good quality. â™¥ Jaime Bien cette Produit
5;jâ€™ai ce produit pour sa capacitÃ© de rÃ©duire parfaitement â€˜es cernes
5;jâ€™aime ce produit pour sa capacitÃ© de rÃ©duire parfaitement â€˜es cernes
5;produit de trÃ¨s bonne qualitÃ©
3;rapport qualitÃ© prix
4;tres raffraichissante ğŸ¤©
5;TrÃ¨s efficace
4;parfait
5;Super
5;Raw3a
2;un bon produit pas plus, on peut trouver la meme efficacitÃ© dans des gammes moins cheres
5;c top ğŸ‘
4;Effet bonne mine
5;ce sÃ©rum est le meilleur
5;la meilleure creme
5;meilleure parapharmacie
5;bravo
5;meilleure parapharmacie en Tunisie
5;merci
5;merci bcp
5;bravo bravo
4;bravo et merci
5;bravo et merci bcp
5;bravo et mille merci a vous
5;bonne continuation
5;merci et bonne continuation
5;meilleure parapharmacie
5;merci
5;merci bcp
5;merci et bravo
5;bonne continuation
5;bonne continuation  et merci Ã  vous
5;bravo bravo bravo
5;merci merci merci
5;good good
5;good quality
5;Super produit Ã  essayer
5;mche maya alekher
5;Good quality.
5;Odeur trÃ¨s bonne, la peau reste hydrater, tant de bons points qui me laisse le recommander
3;good
4;sema7
1;Qui a utilisÃ© ce produit peut me donner son avis ??
3;sent bon
4;efficace rapidement sur les ridules toop
5;meme la quantitÃ© s8ira mais cv eched wel resultat behia
5;Peaux hypersensible
4;Top
5;Je recommande
3;pas mal , Ã  recommander
5;trÃ¨s efficace
4;good
5;efficace
5;top
5;GOOD
5;SUPER
4;super
3;top
5;top
5;top
5;top
5;topp
5;parfait
1;rupture
5;super duper
5;Prix raisonnable
3;bien
5;top
4;TOOP
1;Il donne une belle couleur, mais lâ€™hydratation ne dÃ©passe pas une heure. Ceux qui contiennent du colorant provoquent un dessÃ¨chement des lÃ¨vres aprÃ¨s des heures de lâ€™utilisation.
1;may3melech hydratation jemla
5;je recommande le produit
5;Je suis trÃ¨s satisfaite de ce produit
5;un mini lift avec petit prix
5;Good
5;le produit est top
5;dispo?
5;Je recommande
5;mche maya
5;TrÃ¨s bon
5;Wakteh toufa la promo?
5;le produit est top
5;Le prix est trÃ¨s raisonnable
5;top du top !
5;mezel andkom menou?
4;rapport qualitÃ© prix behi
5;Je continue Ã  acheter ce produit
5;top
2;tahfouna
4;correcte
2;refreshing, but a little bit expensive, I recommend in general.
5;good
4;bravo
5;Top
4;â™¥ï¸â™¥ï¸â™¥ï¸
5;good
4;Parfait
5;ÙŠÙ†Ø­ÙŠ Ø§Ù„Ø­Ø¨Ø© Ø­ØªÙ‰ Ù„ØªØ­Øª Ø§Ù„Ø¬Ù„Ø¯ Ø±ÙˆØ¹Ø©
4;bon
5;parmi les meilleurs produits que jâ€™ai utilisÃ©
4;excellent ğŸ‘ŒğŸ»
5;parmi les meilleurs produits que jâ€™ai utilisÃ©
5;Good quality.
3;Tayara ama fissa3 youfa
3;cv
4;good
4;good
3;cv
4;hydratant et leger
5;tayaraaaaa
5;top
5;top
4;Top
4;top
5;glossy
4;Ã€ recommander pour les peaux Ã  imperfections, jâ€™aime ce produit
4;like
4;top
3;flop
4;Top
5;tayara !
5;wakteh yarjaa en stock?
5;mche maya
5;Jai bcp aimÃ©e
3;moyenne
5;behi barcha
5;nheb nzid nekhou
5;top
5;favorite cream
1;"Ma mchech m3aya jemla
Ki na3mlou wejhi ychi7 w ywalli ya7ra9"
5;stamaltou behi
5;mche maya alekher
5;Je recommande bientÃ´t
5;tayara !
5;mezel andkom menou?
4;Top
4;super
5;excellent
4;je recommande
5;je recommande ğŸ‘
4;top
5;nice
4;greattt
4;good
5;wow
5;je suis vraiment impressionnÃ© par les rÃ©sultats. Mes cils sont devenus visiblement plus longs et plus Ã©pais aprÃ¨s quelques semaines dâ€™utilisation rÃ©guliÃ¨re. De plus, le sÃ©rum est facile Ã  appliquer et ne provoque aucune irritation. Je recommande vivement ce produit Ã  quiconque cherche Ã  amÃ©liorer la longueur et la densitÃ© de ses cils.
5;comment l\â€™utiliser?
5;mche maya alekher
5;tres bonne diminution des cernes et ridules indispensable dans mes routines wlh
5;effet bon mine
5;Waouuuu
5;Excellent
4;ğŸ‘â€‹ğŸ‘â€‹
5;my favorite
5;j adore
4;efficace
4;Top
3;excellent pour la peau grasse
4;un bon produit pour lutter contre lâ€™acnÃ©
5;trÃ¨s doux surtout pour la rosacÃ©e
4;bien elle me convient (mixte a grasse)
5;Good quality.
5;ğŸ˜˜
5;bonne qualitÃ©
5;ğŸ’—
5;mezel en rupture?
5;mche maya alekher
5;je recommande â™¥â™¥â™¥
5;top de top
3;Apaisant et hydratant . Jâ€™adore
5;nekmandi dima menou behi
4;bon rapport qualitÃ© prix
5;good
3;pas mal
5;â™¥ï¸â™¥ï¸
5;nheb nzid nekhou
5;nesta3mel fih mche maya
5;nheb nzid nekhou
5;wakteh yarjaa en stock?
5;nheb nzid nechri menou
5;Bon produit
5;tooop
3;protÃ¨ge bien
5;Parfait
5;good
5;le prix tayara
5;nesta3mel fih mche maya
3;guud
5;tayara !
4;yecer tayara franchement
5;top pour moi
5;top
5;je l\â€™ai utilisÃ© il est bien
4;ejebni bech nawed menou
5;top
4;"un bon rapport qualitÃ© prix
des rÃ©sultat claires"
5;Trs satisfait merci â™¥
5;ce produit est trÃ¨s efficace
5;Sensation de confort
5;TrÃ¨s Bon Produit
5;excelent
5;best of the best
5;number one
5;good
5;Super
4;toop
5;Nettoyant doux qui sens bon qui convient aux peaux mixtes
5;toop
4;bien
3;Still using it 3 weeks i can see the difference.
5;je recommande le produit
5;Bon produit
4;produit  top
5;mon prÃ©fÃ¨re
4;top
5;jarabtou behi barcha
5;rapport qualitÃ© prix behi
5;Rapport qualitÃ© prix tayara
4;top
5;mezel en rupture?
5;nheb nzid nekhou
4;âœ¨âœ¨
5;top
5;top
4;good
4;efficace
5;TOOOOOOP
3;RÃ©duction de lâ€™acnÃ© en 2 mois
2;Good quality.
5;produit super
5;top
5;nesta3mel fih mche maya
5;rÃ©sultat mawjoud
5;Ã€ utiliser sans hÃ©sitation
5;je recommande le produit
5;nheb wehed ekher
5;khthitou ejebni !
5;Ã€ utiliser sans hÃ©sitation
5;Ã€ utiliser sans hÃ©sitation
5;Bon produit
5;Je suis assez satisfaite
5;parfait
4;Ã€ utiliser sans hÃ©sitation
5;behi barcha
5;Tres doux !
5;doux et parfait
5;Good quality.
5;Super
5;c trop beau
5;GOOD
5;Super
5;toop toop
5;toop
5;super produit
5;toooop
4;excellent
5;toop
5;toooop
5;nheb wehed ekher
4;Je recommande
5;texture parfaite
5;ğŸ‘„ğŸ‘„ğŸ‘„
5;Jai bcp aimÃ©e
5;comment l\â€™utiliser?
5;good
5;top
5;top top
5;Ynadhef mlih
5;top ğŸ˜
4;top
2;â¤ï¸ğŸ¤©
4;une creme assez hydratante et ca sens extrÃªmement bon !!!
5;Elle hydrate bien j aime
5;super hydratante
5;top
5;Le prix est trÃ¨s raisonnable
5;soum maakoul
5;top de top
5;top
4;oui
5;Top
4;Sehr gut
4;bon produit
3;Pas dâ€™effet visible (aprÃ©s 2 semaines dâ€™utilisation) sur la brillance ou les imperfections et aucun effet apaisant sur le peau. Produit lÃ©ger c tout â€¦.
5;eclat et uniformitÃ© câ€™est un vÃ©ritable coup de coeur â¤ï¸
3;mamchech m3aya la79i9a
3;un bon produit
5;top
5;top
5;rapport qualitÃ© prix behi
5;Wakteh toufa la promo?
5;vraiment top !
5;rapport qualitÃ© prix behi
5;Ã€ utiliser sans hÃ©sitation
5;je l\â€™ai utilisÃ© il est bien
5;soum maakoul
5;rÃ©sultat mawjoud
5;nesta3mel fih mche maya
5;TrÃ¨s bon
4;efficace
4;good ğŸ‘
5;excellente crÃ©me pour le coup de soleil et aussi aprÃ©s Ã©pilation
4;Indispensable pour les peaux sensibles
5;Je recommande bientÃ´t
5;le prix tayara
4;top
4;nettoyage au profondeur et trÃ¨s doux
5;trÃ¨s efficace
5;top
5;Top
4;Ã‰limine toute les impuretÃ©s
5;ejebni bech nawed menou
5;mezel andkom menou?
5;mche maya alekher
5;Je recommande bientÃ´t
5;wesletni lcommande ayechkom
5;wakteh yarjaa en stock?
5;jarabtou behi barcha
5;produit est trÃ¨s efficace
5;je recommande vivement !!
5;Je recommande
3;bahi lil peau sensible
4;TrÃ¨s bon
5;comment l\â€™utiliser?
5;Topp
5;Je veux repasser commande
5;tayara !
4;ma7laha
3;Toooooop
5;wow
2;average quality
4;Ã  essayer
5;ğŸ˜
5;franchement toppp
4;Je recommande
5;trÃ¨s efficace
4;jâ€™adooore
5;Top
4;â™¥ï¸â™¥ï¸ğŸ’–
5;la crÃ¨me yaser mahleha
5;ğŸ¥°
4;behy barcha
4;top
2;ki bih ki blech
5;mezel andkom menou?
5;Je continue Ã  acheter ce produit
5;franchement toppp
5;soum maakoul
4;effacer
3;Top
4;tres bien
5;bien
4;Couvrante â¤ï¸
5;coup de coeur
4;jâ€™adore
5;top du top !
5;nesta3mel fih mche maya
1;efficace
4;Bonne hydratation
5;La meilleure
4;I like it
4;top
4;hloua
5;Wakteh toufa la promo?
4;soum behii
4;Good !
5;Top
5;toujours disponible?
5;Un des meilleurs pour moi
5;toujours disponible?
5;comment l\â€™utiliser?
5;je recommande vivement !!
5;rÃ©sultat mawjoud
5;wakteh yarjaa en stock?
5;dispo?
5;Top la promo !
5;mezel andkom menou?
5;le prix tayara
5;top
4;Top
4;topp
5;top top
2;moyen
5;wakteh yarjaa en stock?
5;jarabtou behi barcha
5;wakteh yarjaa en stock?
5;nesta3mel fih mche maya
5;Good quality.
5;excellent
4;"3jebni effet immÃ©diat, surtt le lendemain un effet spectaculaire
Jâ€™aime bien le racheter"
4;excellent
4;excellent
2;Pas mal
3;top
4;good
5;excellent
4;wkteh yarja3?
5;superrrrrrrrrrrr
5;good
5;je recommande !
5;le produit est top
5;Je continue Ã  acheter ce produit
4;soum maakoul
5;bon
4;Top
5;toujours disponible?
5;wakteh yarjaa en stock?
4;efficace
4;jâ€™aime
5;trop bien
5;contre les rides  est un bon dÃ©part
5;nheb nzid nekhou
5;Un des meilleurs pour moi
5;Good quality.
4;7/10
5;Top
4;Top
4;top
3;vyjuyj
4;jâ€™aime
4;good
3;pas mal comme produit
4;TOP
5;Top
5;Loove â¤ï¸â¤ï¸
4;TrÃ¨s efficace
5;good quality jâ€™adore
4;jâ€™aime bien
4;j aime
5;good quality
5;j aime
5;jâ€™aime
5;jâ€™aime bcp
5;jâ€™aime bcpp
5;jâ€™aime beaucoup
5;jâ€™aime beaucoupp
1;
1;nulll
5;cet Ã©cran est vraiment top
3;top
3;bien
5;Tooo
4;top
5;nice
5;Perfect
5;top
4;Top
5;good
4;<3
5;"EFFACER
un bon produits"
5;des produits authentiques
5;beaucoup de choix
5;Beeeehy alkhrrr
4;Aide Ã  serrer les pores
4;Super produit Ã  essayer
5;tahfoun wmche maya
5;nheb nzid nechri menou
5;soum maakoul
5;good
4;doux
5;â¤ï¸â¤ï¸
5;Le serum toppp
5;super
2;non satisfait
3;super
4;efficace
5;efficace
5;dispo?
5;behi barcha
5;Je continue Ã  acheter ce produit
5;nekmandi dima menou behi
5;wakteh yarjaa en stock?
5;parfait
5;nekmandi dima menou behi
5;jarabtou behi barcha
5;nheb wehed ekher
5;behi barcha
5;tayara !
5;top du top !
5;Je continue Ã  acheter ce produit
5;je l\â€™ai utilisÃ© il est bien
5;Ø±ÙˆØ¹Ø©
5;top
5;mahleha
5;Top la promo !
5;Je suis trÃ¨s satisfaite de ce produit
5;nesta3mel fih mche maya
4;le meilleur
5;le meilleur
5;wesletni lcommande ayechkom
5;mche maya alekher
5;dispo?
5;Wakteh toufa la promo?
5;rÃ©sultat mawjoud
5;mezel en rupture?
5;mche maya
4;Tayara alekher ğŸ¤©
5;top
5;top
3;ğŸ˜
1;Aucun effet constatÃ©
5;meilleure creme matifiante
5;trÃ¨s efficace
5;Des prix trÃ¨s raisonnables
5;tahfoun wmche maya
5;je recommande vivement !!
4;Super produit Ã  essayer
5;khthitou ejebni !
5;Top
5;Parfaite
5;franchement toppp
5;nheb wehed ekher
5;je recommande le produit
5;Magnifique
4;excellent dÃ©maquillant
4;good
4;DÃ©maquille trÃ¨s bien
4;â¤ï¸
5;Ø­ØªÙ‰ Ø§Ù„Ø°Ù†ÙˆØ¨ ÙŠÙ†Ø­ÙŠÙ‡Ø§
5;top
5;efficace
5;good
5;Top
5;ğŸ¤
5;<3
4;bieen
5;Depuis que jâ€™utilise Ducray Melascreen SÃ©rum Anti-tÃ¢ches Eclat, ma peau est visiblement plus lumineuse et les taches brunes sur mon visage se sont estompÃ©es. Je suis ravie des rÃ©sultats et je recommande ce sÃ©rum Ã  tous ceux qui recherchent une solution efficace contre les taches pigmentaires
4;Merciiii
5;Je suis trÃ¨s satisfaite de ce produit
5;khthitou ejebni !
5;tressssss satisfate
5;magique
3;tooop
5;le prix tayara
4;mche maya alekher
4;efficase pour visage et yeux top
3;un peu irritant
5;tayara !
4;Je veux repasser commande
5;Top
4;TOP
4;ğŸ˜ğŸ˜ğŸ˜
5;un bon couvrance
5;good coverage
5;good
4;efficace w yfata7 l dark circles
5;top
4;top
5;Je continue Ã  acheter ce produit
5;Le prix est trÃ¨s raisonnable
4;Top
5;TrÃ¨s bon
5;je recommande !
5;je l\â€™ai utilisÃ© il est bien
5;stamaltou behi
4;Heyel
5;goof quality
4;excellent
5;top
4;ok
5;efficace
5;good
5;nice
3;passable tbh
5;meilleur
4;Meilleur
3;produit tayara
4;jadore
5;Jâ€™aime beaucoup
5;Awesome
5;Top
4;soum behii
5;soum maakoul
4;TOP
5;Je suis trÃ¨s satisfaite de ce produit
5;encore dispo??
4;khthitou ejebni !
5;nheb nzid nechri menou
1;rupture
5;in love
3;toop prod
5;Je recommande bientÃ´t
5;yecer tayara franchement
5;nesta3mel fih mche maya
5;excellent
5;wow
4;wow
3;top
4;Je recommande ğŸ’•
3;top
1;ok
5;yhabel 3alekhir jâ€™adore svr
3;svr top
3;pour peau seche
5;â¤ï¸
4;ğŸ‘â™¥ï¸
1;elle nâ€™est pas matifiante du tout
5;magnifique
4;toop
4;Nestaamel fy les 2 top
5;je recommande le produit
5;wesletni lcommande ayechkom
5;le prix tayara
5;je l\â€™ai utilisÃ© il est bien
5;nheb wehed ekher
5;je recommande le produit
5;mezel en rupture?
5;Top
4;Top
3;toppp
5;stamaltou behi
5;Le prix est trÃ¨s raisonnable
5;Je recommande bientÃ´t
5;je l\â€™ai utilisÃ© il est bien
5;top du top !
5;Ã€ utiliser sans hÃ©sitation
5;Jai bcp aimÃ©e
5;excellent produit
3;Cv
5;toujours disponible?
4;mezel andkom menou?
5;je recommande le produit
5;rapport qualitÃ© prix behi
5;j\â€™adore
5;Un des meilleurs pour moi
5;j\â€™adore
5;Good quality.
5;excellent produit
3;hbel
4;Top
5;toppp
4;TOP
5;jâ€™adore trÃ©s efficace
5;Good Quality
5;je le recommande
5;mezel andkom menou?
5;behi barcha
5;ğŸ¤ğŸ¤ğŸ¤ğŸ¤ğŸ¤
4;toop
5;the best
4;top je recommande
5;wesletni lcommande ayechkom
5;Je recommande
5;super
3;bon prd
5;le produit est top
5;top du top !
5;câ€™est excellent
5;le meilleur des meilleurs
5;Je recommande
4;good
5;toujours disponible?
5;Je recommande
5;encore dispo??
5;Top
3;good product
4;good quality
4;good
5;bien
5;Good quality
5;bien
5;top
4;top
4;goog
5;good
5;Ã‰clat ++
5;nheb nzid nekhou
5;vraiment top !
5;nheb nzid nechri menou
5;nheb nzid nechri menou
5;Very nice
5;vraiment top
2;tjr en repture !!
5;good quality
5;top
5;wow
4;waw
4;efficace
4;Top
4;Ã  essayer
2;moyen lahkika je recommande pas
2;Pas mal
4;bahi barcha
5;je recommande
5;jâ€™aime beaucoup
3;toppp
5;top
3;bon
5;nice
4;Super produit Ã  essayer
5;rÃ©sultat mawjoud
5;j\â€™adore
5;Je suis trÃ¨s satisfaite de ce produit
5;satisfaite
5;Le prix est trÃ¨s raisonnable
4;Wakteh toufa la promo?
5;love it
5;mezel en rupture?
5;je recommande vivement !!
5;excellent produit
5;Top
5;topp
4;top
2;top
1;mas3dnich belkol
2;a tester
2;parfait
2;bonne qualitÃ©e
2;ğŸ™‚
1;no effect
2;myna9asch mn tye7 ch3ar
2;pas efficace
2;dezdzed
2;aucun effet
2;sans effet
2;good
2;not effective
2;â€¦
1;trÃ¨s mauvais produit, je ne le recommande pas
1;Ca mousse pas et ca nettoie pas les cheveux .
1;0 effet
1;aucune utilitÃ©
2;Bon produit mais ne tient pas plus que 20 utilisations
1;non efficace
1;quality
1;marche pas
2;top
2;passable
2;a tester
2;a tester
1;ğŸ˜ƒ
2;sans sulfate
2;pas trop
1;a tester
2;top
1;ğŸ˜
2;honnÃªtement , femma makhir minnou
2;cv ama rihethaa khayba chwaya
2;a essayer
2;toop
1;ğŸ˜‰
1;super good
1;ğŸ˜€
1;ğŸ˜
2;top
1;Qui a utilisÃ© ce produit peut me donner son avis ??
2;top
2;Moyen
1;ğŸ¤©
2;texture collante
1;ğŸ˜€
1;ğŸ˜
2;top
1;ğŸ˜
1;ğŸ˜
1;Qui a utilisÃ© ce produit peut me donner son avis ??
1;rupture
1;ğŸ¤©
1;ğŸ˜„
2;no
1;ğŸ˜
2;Moyen
1;ğŸ˜
1;ğŸ˜„
2;satisfaite
1;la texture est juste magnifique
1;â€¦â€¦â€¦,,,
2;adzed
2;GOOD QUALITY pazejfoipj Ã© ba3bousa
2;GOOD QUALITY pazejfoipj sÃ© ba3bousa
2;GOOD QUALITY cepzc pekfozie
2;GOOD QUALITY Ã© efzefzefzefze
2;Je nâ€™ai pas aimÃ©. lâ€™effet est trop gras et collant
1;this product doesnâ€™t work with my oily skin
1;I didnâ€™t like it
1;Efficace mais elle pique
2;â¤ï¸
2;Good
1;Flop
1;bad product
2;Pas mal
2;fini gras
2;dazdaazdazada
2;ma ejbniich
1;ğŸ˜‰
2;any spf is better than no spf but greasy
2;good c est l ecran.minerale avec un peu de blanc sur le visage
2;Pas mal
2;le produit yeser 3aked
2;les teintes ne dont pas bonnes
2;moyen
2;Pas mal
2;Pas mal
1;taawef
2;je recommande NOVERA
1;pour moi lee
1;Doesnâ€™t work for oily skin
2;moyen
1;Ù„Ù… Ø§Ù„Ø§Ø­Ø¸ ØªØ­Ø³Ù†
2;â¤ï¸
1;ğŸ˜
2;comme toute crÃ¨me solaire minÃ©rale, elle laisse une ombre blanche, elle nâ€™est donc pas parfaite pour les personnes qui ne veulent pas montrer quâ€™elles utilisent de la crÃ¨me solaire
2;mmmmm
2;y5ali el peau sÃ©che, peut Ãªtre yesse3ed eli 3andhom peau grasse
2;ma mchech m3aya
2;Texture a amÃ©liorer convient mieux Ã  une peau trÃ¨s sÃ¨che
1;Non
2;dazda
1;nonnnn
2;not that bad
1;top
2;dry
2;Pas mal
2;topp
1;Non flop
2;jaime pas
2;top
1;rupture
1;rupture
1;ğŸ¤©
2;Pas mal
2;Pas mal
2;Ã©viter pour peaux sÃ¨ches
2;trÃ¨s bon
1;ğŸ˜‰
1;rupture
1;Top
1;meilleur produit
2;Top
2;excellent
2;top
1;Je lâ€™ai pas aimÃ© mustela khir
2;top
1;bien
1;Pas trÃ¨s souple
1;top
2;câ€™est pas mal
2;bien
2;.
2;â€¦â€¦
2;ok
1;Flop
2;â€¦.
2;.hnkbk
2;moyen
2;top
1;efficace mais il mâ€™a causÃ© des vertiges
2;good
2;Ù„ÙŠØ³ Ø§Ù„Ø§ÙØ¶Ù„ ÙˆÙ„ÙƒÙ†Ù‡ ÙŠØ³Ø§Ø¹Ø¯ Ù‚Ù„ÙŠÙ„Ø§
1;Ù‡Ù„ Ø¨Ø§Ù…ÙƒØ§Ù†ÙŠ Ø§Ø³ØªØ¹Ù…Ø§Ù„ Ø£ÙƒØ«Ø± Ù…Ù† Ù‚Ø±Øµ ÙÙŠ Ø§Ù„ÙŠÙˆÙ… ØŸ
2;top
2;le meilleur
2;"500 mg/par capsule
chwaya lhkika % soum"
2;aucun effet
1;no result
2;r
2;it caused me a burning sensation in my throat
2;je souhaite que ca va etre efficace contre la resistance a linseuline
2;good
2;bon
2;efficace
2;Le goÃ»t est fort. Mon enfant nâ€™aime pas.
2;ğŸ˜ŠğŸ’–
2;dentifrice comme tous les autres
2;ma3jibnich
1;ØµÙØ± Ø¨ØµØ±Ø§Ø­Ù‡ Ø¨Ø¹Ø¯ Ø´Ù‡Ø±ÙŠÙ† Ùˆ Ù„Ø§ 3 Ø§Ø³ØªØ¹Ù…Ø§Ù„ Ø­ÙƒØ§ÙŠØ© ÙØ§Ø±ØºÙ‡
1;a tester
2;bon a tester
1;Pas trÃ¨s souple
2;le matiÃ¨re est catastrophe
2;ğŸ‘ğŸ‘
2;pas mal
2;Contient de lâ€™aluminium
2;parfait
2;bonne qualitÃ©e
2;top
2;Ã  testÃ©
2;efficace
2;bien pr tt la famille
2;over qualified
1;oui
2;oui
1;non pour moi
1;câ€™est pas trÃ©s efficace pour moi tala3li 7ab
1;nest3mlou w n3tykm elfeedback
2;amour
2;top
2;U
2;â¤ï¸
1;trÃ¨s cher pour son efficacitÃ© Ã§a ne marche pas aussi simple que Ã§a
2;ghali
1;nul dÃ©conseillÃ© pour la peau sÃ¨che.
1;ye
2;ychaya7 barcha
2;ğŸ‘
2;convient mieux aux peaux grasses pas sensibles.gamma trop parfumÃ©e et irritante. pas catastrophique
2;top
1;Just for oily skin
1;CV
2;pas trop
1;ychaya7 peau barcha
1;"moch tayara lha9 mamchach m3aya
tala3li hbob Fi wejhi"
2;moyen
1;pas pour les peaux grasses
2;top
1;good
1;no
2;tal3li 7boub ta7t l jelda
2;simple hydratation
2;ma ejbetnich barcha simple
2;Good
1;aucun effet
2;Mamchech avec mon type de peau peut Ãªtre, texture un peu lourde sur ma peau jâ€™ai eu des boutons
1;pas pour peau grasse
2;mamchech barcha mayaa
2;bonne
1;bad product
1;voila
2;les crÃ¨mes yeux sont une arnaque
2;may3mil chay
2;aucun effet
1;Aucun effet pour moi
2;trÃ¨s moyen
2;Ps mal
2;top
1;Useless
2;donne une fraÃ®cheur
2;bien
2;Pas mal
2;trop pauvre pour acheter de lâ€™eau en cannette
2;Doux sur la peau mais spf chwaya
1;durÃ© dâ€™utilisation : 3 mois w mal9iit 7atta rÃ©sultats
2;good ingredient but not for very sensitive skin
1;trop cher pour rien
1;je le recommande pas pour peau hyper sensible
1;bad
2;Il nâ€™est pas trÃ¨s efficace
2;tzayet wejh barsha
1;ğŸ˜
2;Top
2;Pas mal
2;ideal pour peau normal
2;toute la gamme est moyenne
2;Dima nichri
2;non bien
2;Top
1;Top
2;les femmes savent bien qui est le top
2;pas tellement
2;metwast
2;Bon produit
2;Bon produit
2;effet hydratant,mais l effet booster non ressenti aprÃ¨s 3 mois d utilisation
2;3tahouli mon dermato et c top Ã  recommander
1;Je trouve pas leur utilitÃ© !
1;Effet rafraÃ®chissant
2;Ã‡a donne un Ã©clat oui, pour ma peau grasse ne nettoie pas en profondeur
2;pas top pour la peau grasse
2;svr top
2;Bon normale
2;mat
2;top
2;pas de resultat
2;Jâ€™ai pas trop aimÃ©
2;ğŸ˜Œ
1;ğŸ˜
2;Rapport qualitÃ© prix 0
2;efficace
1;Aucun effet
2;Ps mal
2;pas mal
1;nul akhyeb creme hydratante jarabtha
1;big flop cette produit aucun effet par des autres marques moins chers
2;hydratant mais dÃ©sagrÃ©able effet
2;meh
1;pas vraiment
2;Hydratation ne dure pas longtemps,  5/10
2;ynadhef ama ytala3 bcp de boutons
2;maritch 7ata ntija
2;jâ€™ai pas trop aimÃ©, je rentre comme un panda surtout avec la chaleur alors que normalement c waterproof
2;honnÃªtement, femma makhir minâ€™ha
2;cÂ´est vraiment magnifique
1;Qui a utilisÃ© ce produit peut me donner son avis ??
1;peu hydratant
1;moyen
1;nul
1;khsayer flous
2;un bon produit pas plus, on peut trouver la meme efficacitÃ© dans des gammes moins cheres
1;Qui a utilisÃ© ce produit peut me donner son avis ??
1;rupture
1;Il donne une belle couleur, mais lâ€™hydratation ne dÃ©passe pas une heure. Ceux qui contiennent du colorant provoquent un dessÃ¨chement des lÃ¨vres aprÃ¨s des heures de lâ€™utilisation.
1;may3melech hydratation jemla
2;tahfouna
2;refreshing, but a little bit expensive, I recommend in general.
1;"Ma mchech m3aya jemla
Ki na3mlou wejhi ychi7 w ywalli ya7ra9"
2;Good quality.
2;â¤ï¸ğŸ¤©
2;average quality
2;ki bih ki blech
1;efficace
2;moyen
2;Pas mal
1;
1;nulll
2;non satisfait
1;Aucun effet constatÃ©
1;rupture
1;ok
1;elle nâ€™est pas matifiante du tout
2;tjr en repture !!
2;moyen lahkika je recommande pas
2;Pas mal
